id_contrato,text,label_text,label
CO1.PCCNTR.7709488,AUXILIAR DE LA SALUD - AUXILIAR DE ENFERMERIA,REQUIERE_REVISION,0
CO1.PCCNTR.8428945,HABILITAR Y/O BRINDAR TRANSITABILIDAD EN LA RED VIAL A CARGO DEL INVIAS; A TRAVES DEL SISTEMA DE MONTO AGOTABLE; EN VIAS A CARGO DE LA DIRECCIÓN TERRITORIAL DE VALLE DEL CAUCA - LOTE 6.,SUFICIENTE,1
CO1.PCCNTR.4735264,Adquirir a título de compraventa materiales de formación para los cursos del área de confecciones que se imparten en el Centro Industrial y de Energías Alternativas del SENA Regional Guajira.,SUFICIENTE,1
CO1.PCCNTR.4152405,INTERVENTORÍA TÉCNICA; FINANCIERA; ADMINISTRATIVA; AMBIENTAL; JURÍDICA Y CONTABLE AL CONTRATO DE MANTENIMIENTO Y REPARACIÓN DE LAS INSTALACIONES DEL BIEN INMUEBLE PROPIEDAD DEL IDEA; UBICADO EN LA KRA 29 # 37- 65 BARRIO SANTA LUCÍA ZONA URBANA DEL MUNICIPIO DE NECHÍ,SUFICIENTE,1
CO1.PCCNTR.8563232,CONTRATO INTERADMINISTRATIVO DE MANDATO EN LA MODALIDAD DE ADMINISTRACIÓN DELEGADA DE RECURSOS PARA CONSTRUCCIÓN DE LA CASA DE SALUD EN EL CORREGIMIENTO LA BALSITA DEL MUNICIPIO DE DABEIBA - ANTIOQUIA; EN BENEFICIO DE LA COMUNIDAD DEL CENTRO POBLADO LA BALSITA (ID ACC 1671 - ID SRC 272).,SUFICIENTE,1
CO1.PCCNTR.9707672,PRESTAR EL SERVICIO DE ALQUILER DE IMPRESORAS CON SUMINISTROS PARA LA SECRETARIA DISTRITAL DE GOBIERNO.,SUFICIENTE,1
CO1.PCCNTR.5423420,SUMINISTRO A TODO COSTO DE MATERIAL MÉDICO QUIRÚRGICO PARA LOS ESTABLECIMIENTOS DE SANIDAD MILITAR DE LA ARMADA NACIONAL.,SUFICIENTE,1
CO1.PCCNTR.6240546,SUMINISTRO TAMALES PARA LA AGENCIA LOGISTICA DE LAS FUERZAS MILITARES; REGIONAL AMAZONIA,SUFICIENTE,1
CO1.PCCNTR.618210,ADQUISICIÓN DE ELEMENTOS DE DOTACION (BANDERAS; ALFOMBRA PARA CEREMONIAS; MANTEL TERCIOPELO; BANDEJA PROTOCOLARIAS Y SOMBRILLAS) PARA DOTAR A LA DIRECCIÓN DE CARABINEROS Y SEGURIDAD RURAL.,SUFICIENTE,1
CO1.PCCNTR.4882050,Se requiere la prestación del servicio de Evaluaciones Médicas Ocupacionales para los funcionarios del Instituto Departamental de Bellas Artes; así mismo; las evaluaciones complementarias y especializadas; tales como: Audiometría; Espirometría; Perfil Lipídico; entre otros; que por su actividad lo r,SUFICIENTE,1
CO1.PCCNTR.9776988,PRESTAR POR SUS PROPIOS MEDIOS Y AUTONOMIA ADMINISTRATIVA LOS SERVICIOS ASISTENCIALES PARA EL FORTALECIMIENTO DE LOS PARQUES MANTENIDOS,REQUIERE_REVISION,0
CO1.PCCNTR.6292473,PRESTAR POR SUS PROPIOS MEDIOS Y AUTONOMÍA ADMINISTRATIVA LOS SERVICIOS PERSONALES DE APOYO A LA GESTION EN LOS PROCESOS DE LA SECRETARIA DE EDUCACION MUNICIPAL DE YUMBO; PARA EL MEJORAMIENTO DE LA PRESTACION DEL SERVICIO EDUCATIVO EN LAS INSTITUCIONES EDUCATIVAS OFICIALES DEL MUNICIPIO DE YUMBO VAL,REQUIERE_REVISION,0
CO1.PCCNTR.8588359,ADECUACIÓN; MANTENIMIENTO Y AMPLIACIÓN DE LA SEDE JUDICIAL DE PUERTO NARIÑO AMAZONAS,SUFICIENTE,1
CO1.PCCNTR.9246966,Asesoría legal especializada en derecho laboral individual y derecho laboral colectivo del trabajo,SUFICIENTE,1
CO1.PCCNTR.5041424,PRESTACIÓN DE SERVICIOS DE APOYO A LA GESTIÓN EN LA SUBDIRECCION JURIDICA CONSISTENTE EN LA REVISIÓN; ORGANIZACIÓN Y FOLIACIÓN DEL ARCHIVO DE LA OFICINA JURIDICA DE ACUERDO A LA TABLA DE RETENCIÓN DOCUMENTAL Y EN CONCORDANCIA CON EL SISTEMA DE GESTION INTEGRAL DE CALIDAD,SUFICIENTE,1
CO1.PCCNTR.4092804,Prestar servicios profesionales a la gestión administrativa y/o asistencial  dentro de los diferentes procesos y procedimientos de la SUBRED INTEGRADA DE SERVICIOS DE SALUD SUR OCCIDENTE E.S.E. de acuerdo al requerimiento institucional y en el marco del Convenio Interadministrativo No. 3015778.,REQUIERE_REVISION,0
CO1.PCCNTR.1791911,El arrendador se obliga para con la FISCALIA GENERAL DE LA NACION - SUBDIRECCION REGIONAL DE APOYO EJE CAFETERO; entregar en calidad de arrendamiento el inmueble ubicado en la Carrera 13 N° 16-26 de la ciudad de Armenia Quindío para el funcionamiento de la Entidad. PARÁGRAFO: El área del inmueble co,SUFICIENTE,1
CO1.PCCNTR.3881027,CONTRATAR LOS ESTUDIOS Y DISEÑOS PARA LA CONSTRUCCIÓN DE UN PATINÓDROMO EN EL CORREGIMIENTO DE CHICORAL MUNICIPIO DE EL ESPINAL; TOLIMA.,SUFICIENTE,1
CO1.PCCNTR.7173631,PRESTACIÓN DE SERVICIOS COMO INTERMEDIARIO DE SEGUROS LEGALMENTE ESTABLECIDO EN COLOMBIA; POR EL MANEJO DE INTERMEDIACIÓN DEL PROGRAMA DE SEGUROS DE LA E.S.E HOSPITAL DEPARTAMENTAL SAN ANTONIO DE MARMATO; CALDAS,SUFICIENTE,1
CO1.PCCNTR.5561711,"AUNAR ESFUERZOS ENTRE EL INSTITUTO NACIONAL DE VIAS Y LA JUNTA
DE ACCIÓN COMUNAL VEREDA PIRGUATA DEL MUNICIPIO DE VIRACACHA;
DEPARTAMENTO DE BOYACA PARA EL MEJORAMIENTO VIAL EN EL MARCO
DEL PROGRAMA DE CAMINOS COMUNITARIOS PARA LA PAZ TOTAL",SUFICIENTE,1
CO1.PCCNTR.5255427,REALIZACIÓN DE CAMPAÑAS ENCAMINADAS A LA PREVENCIÓN Y REDUCCIÓN DEL CONSUMO DE ALCOHOL Y SUSTANCIAS PSICOACTIVAS; LA VIOLENCIA INTRAFAMILIAR; LA VIOLENCIA SEXUAL Y/O DE GÉNERO CON ÉNFASIS EN NIÑOS; NIÑAS Y ADOLESCENTES EN EL MUNICIPIO DE VILLA DE LEYVA PARA LA VIGENCIA 2023,SUFICIENTE,1
CO1.PCCNTR.6827285,AUNAR ESFUERZOS TÉCNICOS; ADMINISTRATIVOS Y FINANCIEROS PARA LLEVAR A CABO LA REALIZACIÓN DEL EVENTO RECREATIVO Y DE ACTIVIDADES DEPORTIVAS NO CONVENCIONALES EN OCASIÓN DE LA CELEBRACIÓN DE LAS XXVII FIESTAS DE LA CABUYA Y EL PAISAJE CULTURAL CAFETERO EN EL MUNICIPIO DE ARANZAZU; CALDAS.,SUFICIENTE,1
CO1.PCCNTR.4391079,PRESTACIÓN DE SERVICIOS PROFESIONALES COMO TECNÓLOGA EN REGENCIA DE FARMACIA EN LA E.S.E HOSPITAL SANTA TERESITA DE PÁCORA Y SUS ÁREAS DE INFLUENCIA.,REQUIERE_REVISION,0
CO1.PCCNTR.4936521,ADQUISICIÓN; INSTALACIÓN Y PUESTA EN FUNCIONAMIENTO; A TODO COSTO; DE CUARTOS FRÍOS PARA EL CACOM-6.,SUFICIENTE,1
CO1.PCCNTR.1878935,Compra de elementos de alojamiento y campaña para dotar a los emprendimientos comunitarios que conforman la cadena de valor del ecoturismo y artesanías; prestadores de servicios de interpretación del patrimonio; alojamiento; restaurante y transporte fluvial en las comunidades de Mocagua y San Martín,SUFICIENTE,1
CO1.PCCNTR.8895596,"DP00-3202056-5-029Prestar servicios profesionales con plena
autonomía técnica y administrativa en la Dirección Territorial Pacífico para
adelantar procesos de comunicación y educación ambiental con actores
priorizados y vinculados a la gestión territorial de las áreas protegidas
adscritas; en el mar",SUFICIENTE,1
CO1.PCCNTR.4996383,ENTREGAR A TÍTULO DE COMODATO A  LA CORPORACION HUELLAS DE AMOR PARA TU VIDA -CORHUELLAS; EL INMUEBLE UBICADO EN LA UBICADO EN LA CARRERA 15 11C 172 D 11E K 16 11E 31 BARRIO LAS TORRES; DEL MUNICIPIO DE FLORENCIA CAQUETÁ; IDENTIFICADO CON LA  MATRICULA INMOBILIARIA NO. 4206872; PARA EL FUNCIONAMIENT,SUFICIENTE,1
CO1.PCCNTR.814466,SUMINISTRO DE TIQUETES AEREOS EN DIFERENTES RUTAS NACIONALES; PARA; USUARIOS Y BENEFICIARIOS DEL SUBSISTEMA DE SALUD DE LA POLICIANACIONAL  EN CONDICIÓN DE PACIENTES   ACOMPAÑANTE EN EL CASO QUE SE REQUIERA Y FUNCIONARIOS DEL AREA SANIDAD NARIÑO DE LA POLICIA NACIONAL,SUFICIENTE,1
CO1.PCCNTR.4247129,ADQUISICIÓN DE ELEMENTOS DE ASEO PERSONAL PARA LA POBLACIÓN PRIVADA DE LA LIBERTAD Y LOS JOVENES BAJO EL SISTEMA DE RESPONSABILIDAD PENAL PARA ADOLESCENTES EN EL DEPARTAMENTO DE CASANARE,SUFICIENTE,1
CO1.PCCNTR.1719631,Prestar servicios profesionales a la Dirección de Cultura Ciudadana para apoyar la formulación; implementación y seguimiento de los proyectos de Transformación Cultural relacionados con la línea comportamiento; cultura y salud,SUFICIENTE,1
CO1.PCCNTR.3061550,Suministro de Equipo de Protección Personal para el personal de la Institución Universitaria Pascual Bravo y colaboradores adscritos.   Alcance: Satisfacer las necesidades de equipo de protección personal para el personal de la Institución Universitaria Pascual Bravo y colaboradores adscritos.,SUFICIENTE,1
CO1.PCCNTR.3419598,PRESTACION DE SERVICIOS DE APOYO ADMINISTRATIVO EN LA OFICINA DE GESTION DE RENTAS DEL DEPARTAMENTO DEL CESAR,REQUIERE_REVISION,0
CO1.PCCNTR.5619767,SIT-195 MANTENIMIENTO A LA PLAZA DE BOLÍVAR; PLAZOLETA SAN IGNACIO Y PILA DEL MONO DE LA CIUDAD DE TUNJA,SUFICIENTE,1
CO1.PCCNTR.5714741,Prestación de servicios de apoyo a la gestión de la entidad para el desarrollo de actividades de apoyo en el área de regencia en farmacia; dentro del marco de las competencias asignadas a la entidad.,REQUIERE_REVISION,0
CO1.PCCNTR.4562717,COMODATO COMO APOYO TECNOLOGICO DE EQUIPO SISTEMA DE INYECCION CT 9000 Y PRECALENTADOR READY BOX CONTRAST WARMER MARCA LIEBEL FLASHEIM PARA EL HOSPITAL REGIONAL DE MONIQUIRÁ E.S.E.,SUFICIENTE,1
CO1.PCCNTR.4979233,PRESTACIÓN DE SERVICIOS DE APOYO A LA GESTIÓN EN TODAS LAS ACTIVIDADES QUE REQUIERA LA SECRETARÍA DE INFRAESTRUCTURA. EN EL MARCO DE LAS ACTIVIDADES DEL PROYECTO DE INVERSIÓN DENOMINADO BP-26003017.,REQUIERE_REVISION,0
CO1.PCCNTR.4964706,ENTREGAR EN COMODATO INSTRUMENTOS MUSICALES AL MUNICIPIO  DE LA CELIA PARA GARANTIZAR EL FORTALECIMIENTO DEL SISTEMA DEPARTAMENTAL CULTURAL,SUFICIENTE,1
CO1.PCCNTR.8469657,AUNAR ESFUERZOS TÉCNICOS; ADMINISTRATIVOS Y FINANCIEROS PARA EL MEJORAMIENTO DE LA VÍA QUE CONDUCE DEL CASCO URBANO HACIA LA VEREDA NUTRIAS SECTOR LA Y MUNICIPIO DE SUSA CUNDINAMARCA,SUFICIENTE,1
CO1.PCCNTR.3579128,AUNAR ESFUERZOS PROFESIONALES; TÉCNICOS; ADMINISTRATIVOS Y FINANCIEROS PARA PROMOCIONAR AL MUNICIPIO DE PROVIDENCIA Y SANTA CATALINA ISLAS COMO DESTINO TURÍSTICO A TRAVÉS DE SU PARTICIPACIÓN EN LA VITRINA TURÍSTICA DE ANATO,SUFICIENTE,1
CO1.PCCNTR.4092898,CONTRATO DE ARRENDAMIENTO No. 32 DE TESALIA HUILA,REQUIERE_REVISION,0
CO1.PCCNTR.9175604,170 Prestar servicios profesionales para asesoría y acompañamiento al director ejecutivo y al Comité De Expertos de la Comisión de Regulación de Energía y Gas; en relación con los proyectos de ley que se tramiten en el Congreso de la República,SUFICIENTE,1
CO1.PCCNTR.3903128,El IDARTES se compromete a gestionar las solicitudes de Permiso Unificado de Filmaciones Audiovisuales - PUFA y conceder a AGORA ENTERTAINMENT S.A.S el uso y aprovechamiento económico de los espacios públicos para filmaciones audiovisuales registrados y aprobados en el Sistema Único para el Manejo y,SUFICIENTE,1
CO1.PCCNTR.6381268,El objeto del Acuerdo Marco corresponde a: (i)Seleccionar los proveedores para la adquisición y entrega de la Dotación para la Infraestructura Educativa y (ii) definir las condiciones para la contratación de la adquisición y entrega de la Dotación para la Infraestructura Educativa por parte de las E,SUFICIENTE,1
CO1.PCCNTR.9654122,PRESTACIÓN DE SERVICIOS COMO AUXILIAR DE ENFERMERÍA ÁREA RURAL PARA REALIZAR ACTIVIDADES INTRA Y EXTRA MURAL DE ATENCIÓN PRIMARIA EN SALUD EN EL MUNICIPIO DE SOACHA EN EL MARCO DE LAS NORMAS VIGENTES; MEDIANTE LA IMPLEMENTACIÓN DE EQUIPOS BÁSICOS DE SALUD EN EL CONTEXTO DE LAS ACCIONES DE PROMOCIÓN,SUFICIENTE,1
CO1.PCCNTR.2335511,Prestar servicios profesionales al Grupo Interno de Gestión del Talento Humano de la Dirección Administrativa y Financiera en el desarrollo de estrategias de divulgación de información sobre las actividades del grupo y la verificación y actualización de información en los sistemas que utiliza para a,SUFICIENTE,1
CO1.PCCNTR.4273447,El arrendamiento de los inmuebles ubicados en la Calle 19 No. 8-34 Piso 10; Oficinas 1005 y 1006 del Edificio Corporación Financiera de Occidente; identificadas con matrículas inmobiliarias No. 290-3249 y 290-3250; para el funcionamiento de la Unidad para la Atención y Reparación Integral a las Víct,SUFICIENTE,1
CO1.PCCNTR.5877173,Prestar sus servicios profesionales a la Oficina Asesora Jurídica en la solicitud de insumos; seguimiento y proyección de respuestas a los requerimientos asignados por el supervisor del contrato o por el jefe de la Oficina Asesora Jurídica.,SUFICIENTE,1
CO1.PCCNTR.639601,SUMINISTRO DE ALIMENTO (CONCENTRADO) Y MATERIAL VETERINARIO PARA EL CANINO DEL ESTABLECIMIENTO PENITENCIARIO DE MEDIANA SEGURIDAD Y CARCELARIO EL BORDO INPEC,SUFICIENTE,1
CO1.PCCNTR.7949080,MANTENIMIENTO PREVENTIVO Y CORRECTIVO DE LAS INSTALACIONES DE LA POLICÍA METROPOLITANA DE TUNJA; EL DEPARTAMENTO DE POLICIA BOYACÁ; VIVIENDAS FISCALES DE LA ESCUELA DE POLICÍA RAFAEL REYES Y DEMÁS UNIDADES ADSCRITAS A LA ORDENACIÓN DEL GASTO; A PRECIOS UNITARIOS FIJOS SIN FÓRMULA DE REAJUSTE,SUFICIENTE,1
CO1.PCCNTR.7867355,ARRENDAMIENTO DEL LOCAL No 4 UBICADO EN LA CALLE 14 No 14 - 33 DE PROPIEDAD DEL MUNICIPIO DEL SOCORRO (SANTANDER) PARA EL FUNCIONAMIENTO DE ESTABLECIMIENTO COMERCIAL,SUFICIENTE,1
CO1.PCCNTR.5688634,Adquirir pólizas de seguros,SUFICIENTE,1
CO1.PCCNTR.3201119,RESTAR LOS SERVICIOS COMO APOYO EN LA ATENCIÓN Y ACOMPAÑAMIENTO A LA POBLACIÓN VULNERABLE DENTRO DEL PROGRAMA ABITANTE DE CALLE EN LA SECRETARIA DE DESARROLLO SOCIAL Y POLÍTICO DEL MUNICIPIO DE DOSQUEBRADAS,SUFICIENTE,1
CO1.PCCNTR.5952360,PRESTACIÓN DE SERVICIOS PROFESIONALES EN LA DIVISIÓN DE IMPUESTOS DE LA SECRETARIA DE HACIENDA DISTRITAL; EN EL MARCO DEL PROYECTO DE INVERSION IMPLEMENTACION DE ESTRATEGIAS PARA EL MEJORAMIENTO Y SOSTENIBILIDAD DE LAS FINANZAS EN EL DISTRITO DE CARTAGENA DE INDIAS,REQUIERE_REVISION,0
CO1.PCCNTR.6567055,SUMINISTRO DE INSUMOS MEDICO QUIRURGICOS PARA TODAS LAS AREAS,SUFICIENTE,1
CO1.PCCNTR.6622858,PRESTACIÓN DE SERVICIOS PROFESIONALES EN EL MARCO DEL PROYECTO FORTALECIMIENTO DE LAS ESTRATEGIAS DE SALUD PARA LA POBLACIÓN EN POBREZA EXTREMA CARTAGENA DE INDIAS DENTRO DEL PROGRAMA QUE ESTABLECE EL ACUERDO 014 DE 2011 DENOMINADO SALUD PARA LA SUPERACIÓN DE LA POBREZA EXTREMA DEL PLAN DE EMERGENCI,REQUIERE_REVISION,0
CO1.PCCNTR.8391082,SUMINISTRO DE INSUMOS MÉDICO QUIRÚRGICOS PARA LA OPORTUNA PRESTACIÓN DE LOS SERVICIOS EN LAS IPS´S ADSCRITAS A RED SALUD CASANARE E.S.E.,SUFICIENTE,1
CO1.PCCNTR.9146928,CTP-074 PRESTAR SERVICIOS PROFESIONALES COMO COORDINADOR DE MUSEOGRAFÍA Y MANAGER DE EXHIBICIONES DE LA CASA MUSEO DEL FUNDADOR GONZALO SUÁREZ RENDÓN,REQUIERE_REVISION,0
CO1.PCCNTR.8178587,Prestación de servicios profesionales para el apoyo en la revisión y análisis del enfoque educativo en las políticas de paz; con el fin de fortalecer las actividades de control político de la Comisión Legal de Paz; realizando seguimiento al Ministerio de Educación Nacional,SUFICIENTE,1
CO1.PCCNTR.8383128,PRESTACIÓN DE SERVICIOS PROFESIONALES COMO ABOGADO DENTRO DEL PROYECTO DE FORTALECIMIENTO INSTITUCIONAL PARA EL DESARROLLO DE POLITICAS; PROGRAMAS Y PROYECTOS DE LA GOBERNACIÓN DEL VALLE DEL CAUCA.,REQUIERE_REVISION,0
CO1.PCCNTR.4179419,ACTIVIDADES DE PODA PARA EL DESPEJE DE LUMINARIAS Y REDES QUE INTERFIEREN CON EL ALUMBRADO PUBLICO Y TALA DE ÁRBOLES Y MANEJO INTEGRAL DEL COMPONENTE ARBÓREO EN EL ESPACIO PÚBLICO; DEL MUNICIPIO DE BUCARAMANGA,SUFICIENTE,1
CO1.PCCNTR.768265,PRESTAR SERVICIOS PERSONALES COMO AUXILIAR DE APOYO EN TEMAS ARCHIVÍSTICOS; PARA REALIZAR OPORTUNAMENTE EL CONTROL A LA DOCUMENTACIÓN; GARANTIZANDO EL NORMAL FUNCIONAMIENTO DE LOS PROCEDIMIENTOS DE LAS DEPENDENCIAS EN LA VENTANILLA DE LA SEDE ADMINISTRATIVA; EN EL MARCO DEL PROYECTO 1106,SUFICIENTE,1
CO1.PCCNTR.8801025,Prestar el servicio de médico de psiquiatría en el programa de fortalecimiento de la Atención Primaria en Salud a través de la conformación y operación de equipos básicos de salud; para la E.S.E Hospital Departamental Tomas Uribe Uribe.,REQUIERE_REVISION,0
CO1.PCCNTR.9590891,Dotación de equipo tecnológico para las aulas de sistemas de la Institución Educativa,SUFICIENTE,1
CO1.PCCNTR.5821729,acompañamiento como arquitecta a la secretaría de obras públicas para apoyar la coordinación de los procesos técnicos y administrativos que competen a esta dependencia. vigencia 2024.,SUFICIENTE,1
CO1.PCCNTR.294411,Prestar los servicios profesionales a la Corporación Autónoma Regional de Risaralda para la coordinación y realización de las acciones y actividades relacionadas con los aspectos sociales previstas en el marco del Convenio Carder (No. 317/2017) - MADS (No. 512/2017) Otro Si número 1 Año 2 de ejecuci,REQUIERE_REVISION,0
CO1.PCCNTR.9777390,BRINDAR SERVICIOS DE APOYO A LA GESTIÓN EN DISEÑO GRÁFICO Y COMUNICACIÓN VISUAL PARA LA PROMOCIÓN DE LA PARTICIPACIÓN CIUDADANA EN EL MUNICIPIO DE PUERTO GAITÁN,SUFICIENTE,1
CO1.PCCNTR.6373005,PRESTACIÓN DE SERVICIOS PROFESIONALES EN EL MARCO DEL PROGRAMA DE SALUD OCUPACIONAL DE LA DIRECCIÓN ADMINISTRATIVA DE TALENTO HUMANO DE LA ALCALDÍA MAYOR DE CARTAGENA DE INDIAS,REQUIERE_REVISION,0
CO1.PCCNTR.6822828,PRESTACION DE SERVICIOS DE APOYO A LA GESTIÓN PARA BRINDAR APOYO Y ACOMPAÑAMIENTO A EDUBAR S.A. DURANTE LA EJECUCIÓN DEL PROYECTO PARA LA CONSTRUCCIÓN DEL SISTEMA DE ACUEDUCTO REGIONAL DEL NORTE DEL DISTRITO DE BARRANQUILLA Y EL MUNICIPIO DE PUERTO COLOMBIA; DEPARTAMENTO DEL ATLÁNTICO,REQUIERE_REVISION,0
CO1.PCCNTR.2606776,ADECUACIÓN Y MEJORAMIENTO DE PARQUES Y ESPACIO PÚBLICO DEL MUNICIPIO DE BUCARAMANGA; SANTANDER. GRUPO 5,SUFICIENTE,1
CO1.PCCNTR.385782,Prestar servicios Profesionales especializados a la gestión administrativa y/o asistencial en el area de medicina interna; dentro de los diferentes procesos y procedimientos de la SUBRED INTEGRADA DE SERVICIOS DE SALUD SUR OCCIDENTE E.S.E. de acuerdo al requerimiento institucional.,REQUIERE_REVISION,0
CO1.PCCNTR.8039796,ADQUISICION DE POLIZAS DE VIDA PARA LOS CONCEJALES; PERSONERO Y ALCALDE ASI COMO LAS POLIZAS Y SOAT PARA LOS VEHICULOS DEL MUNICIPIO DE SAN MARTIN - CESAR,SUFICIENTE,1
CO1.PCCNTR.8555885,AUNAR ESFUERZOS ADMINISTRATIVOS Y TÉCNICOS QUE PERMITAN DESARROLLAR DE MANERA CONJUNTA LOS PROYECTOS O ACTIVIDADES ENCAMINADAS A MATENER; REHABILITAR Y/O RECONSTRUIR LA ESTABILIDAD DE LA ESTRUCTURA DE LA RIBERA DEL RÍO MAGDALENA Y SUS ZONAS ALEDAÑAS EN JURISDICCIÓN DEL DISTRITO DE BARRANQUILLA,SUFICIENTE,1
CO1.PCCNTR.7986499,PRESTAR SERVICIOS TÉCNICOS COMO AUXILIAR DE ENFERMERÍA PARA LA EJECUCIÓN DE ACTIVIDADES INHERENTES A LA OPERACIÓN DE LA ESTRATEGIA DE ATENCIÓN PRIMARIA EN SALUD SEGÚN RESOLUCIÓN 865 DE 2024 EXPEDIDA POR EL MSPS PARA CHAGUANI.,REQUIERE_REVISION,0
CO1.PCCNTR.1787347,Prestar los servicios Profesionales como Economista en la Secretaría de Desarrollo Económico y Competitividad Subsecretaría de Emprendimiento y Desarrollo Empresarial prestando apoyo en los diferentes procesos ligados al proyecto Fortalecimiento del emprendimiento y desarrollo empresarial a tra,REQUIERE_REVISION,0
CO1.PCCNTR.8271880,Prestar servicios profesionales en la Dirección Técnica de Gestión de Gas; realizando tareas de validación documental y seguimiento sobre aspectos comerciales y tarifarios asociados a la prestación del servicio de gas combustible; en apoyo a las funciones de inspección; vigilancia y control.,SUFICIENTE,1
CO1.PCCNTR.9508499,Prestación de servicios profesionales de apoyo a la gestión en el area asistencial como fonoaudióloga,REQUIERE_REVISION,0
CO1.PCCNTR.8750080,PROMESA DE VENTA DE UN INMUBLE con Matrícula Inmobiliaria 078-16910 con Código Predial Nacional 152990100000002280002000000000 ubicado en la vereda Resguardo Manzanos Arriba del Municipio de Garagoa,SUFICIENTE,1
CO1.PCCNTR.7572989,Prestación de servicios como contratista independiente; sin vínculo laboral por su propia cuenta y riesgo para realizar la gestion de Profesional de apoyo en ejecución del Contrato Interadministrativo No. 4600101714 de 2024; celebrado entre EL DISTRITO ESPECIAL DE CIENCIA TECNOLOGÍA E INNOVACIÓN DE,REQUIERE_REVISION,0
CO1.PCCNTR.644821,PRESTAR LOS SERVICIOS PROFESIONALES EN EL MARCO DE LA ESTRATEGIA DE POBREZA DEFINIDA POR LA ENTIDAD; PARA ADELANTAR LAS ACCIONES TENDIENTES A LA VINCULACION PROGRESIVA DE LOS HOGARES CARACTERIZADOS A LOS SERVICIOS SOCIALES DEL DISTRITO,SUFICIENTE,1
CO1.PCCNTR.2603565,LA ADQUICICION DE TERMOS TRASPORTADORES DE INMUNOBIOLOGICOS PARA LA VACUNACION OPERACIONAL CONTRA SARS-COV-2,SUFICIENTE,1
CO1.PCCNTR.8527704,GERENCIA DE RECURSOS PARA CONTRATO INTERADMINISTRATIVO DE GERENCIA POR ADMINISTRACIÓN DELEGADA PARA CONSTRUCCIÓN; ADECUACIÓN; REMODELACIÓN; MANTENIMIENTO Y MEJORAMIENTO DE ALGUNOS BIENES DE BENEFICIO Y USO PÚBLICO Y ALGUNOS BIENES FISCALES DEL MUNICIPIO DE DOSQUEBRADAS; RISARALDA,SUFICIENTE,1
CO1.PCCNTR.975925,Adquisición de UNIFORME No. 3 MUJER; UNIFORME No. 3 HOMBRE y CALCETIN PARA USO CON ZAPATO,SUFICIENTE,1
CO1.PCCNTR.6409515,AUNAR ESFUERZOS PARA ADELANTAR ACCIONES CONJUNTAS EN LA DISMINUCION DE LOS RIESGOS ASOCIADOS A LA POBLACION INFANTIL Y JUVENIL EN EL MUNICIPIO DE BOJACA; CON LA IMPLEMENTACION DE UN PROGRAMA DE JORNADA ESCOLAR COMPLEMENTARIA; EN LA MODALIDAD DE BILINGUISMO MEDIANTE LOS PROCESOS DE APRENDIZAJE DEL IN,SUFICIENTE,1
CO1.PCCNTR.8149277,profesional especializado de apoyo,REQUIERE_REVISION,0
CO1.PCCNTR.7641531,CE_2025_DRA_BDC_TH_TU_IINT Prestación de servicios de apoyo a la gestión para la recolección de información de todas las unidades económicas en su área asignada; registrándola en las DMCTABLETAS y diligenciando el cuestionario digital del Censo Económico Nacional Urbano (CENU). Asimismo; deberá real,SUFICIENTE,1
CO1.PCCNTR.8594184,MANTENIMIENTO DE LA INFRAESTRUCTURA FÍSICA DEL ALMACÉN MUNICIPAL UBICADO EN EL BARRIO JORDÁN - PARAÍSO CALLE 37A NO. 19C-26 DEL MUNICIPIO DE VILLAVICENCIO,SUFICIENTE,1
CO1.PCCNTR.5228084,Suministro de insumos ; materiales y medicamentos para el funcionamiento de la entidad.,SUFICIENTE,1
CO1.PCCNTR.685036,SUMINISTRO DE MATERIAL DE OSTEOSINTESIS,SUFICIENTE,1
CO1.PCCNTR.6678162,CONTRATO DE ARRENDAMIENTO DE BIEN INMUEBLE DE PROPIEDAD DEL MUNICIPIO DE BARBOSA.,SUFICIENTE,1
CO1.PCCNTR.3709557,ESTUDIOS HIDROLÓGICOS;HIDRÁULICOS Y GEOTÉCNICOS DE DETALLE CON ZONIFICACIÓN DE AMENAZAS QUE INCLUYEN EL DISEÑO DE OBRAS DE MITIGACIÓN EN VEGALARGA MUNICIPIO DE NEIVA-HUILA,SUFICIENTE,1
CO1.PCCNTR.7871306,PRESTACIÓN DE SERVICIOS PROFESIONALES; TECNICOS Y/O DE APOYO A LA GESTIÓN COMO PSICOLOGO(A) QUE REQUIERE EL DISPENSARIO MÉDICO DE MEDELLÍN PARA LA REGIONAL No. 7 DE SANIDAD MILITAR; VIGENCIA 2025 (BAEEV8),REQUIERE_REVISION,0
CO1.PCCNTR.2476116,COMPRA DE ELEMENTOS CON DESTINO A LAS PERSONAS PRIVADAS DE LA LIBERTAD EN CUMPLIMIENTO DEL FALLO DE TUTELA 2021-0009.,REQUIERE_REVISION,0
CO1.PCCNTR.664885,SUMINISTRO DE COMBUSTIBLE PARA LOS VEHICULOS UTILIZADOS PARA EL TRANSPORTE DEL PERSONAL INTERNO DEL ESTABLECIMIENTO PENITENCIARIO DE MEDIANA SEGURIDAD Y CARCELARIO DE PUERTO BOYACA;,SUFICIENTE,1
CO1.PCCNTR.6573529,AUNAR ESFUERZOS ENTRE EL INSTITUTO NACIONAL DE VIAS Y LA JUNTA DE ACCIÓN COMUNAL VEREDA ALTO LA PAJUILA DEL MUNICIPIO DE SARAVENA; DEPARTAMENTO DE ARAUCA PARA EL MEJORAMIENTO VIAL EN EL MARCO DEL PROGRAMA CAMINOS COMUNITARIOS DE LA PAZ TOTAL,SUFICIENTE,1
CO1.PCCNTR.5438183,CONTRATO DE OBRA PARA LA INSTALACIÓN A TODO COSTO Y PUESTA EN FUNCIONAMIENTO DE SISTEMAS SÉPTICOS; INCLUYENDO SU INOCULACIÓN; EN EL MUNICIPIO DE GOMEZ PLATA ANTIOQUIA,SUFICIENTE,1
CO1.PCCNTR.6371954,Prestación de servicios profesionales de apoyo a los procesos de la gestión de la salud pública para el logro de productos propios del proyecto de inversión Fortalecimiento de acciones de atención integral en salud desde un enfoque diferencial a víctimas de violencia basada en género y violencia sex,REQUIERE_REVISION,0
CO1.PCCNTR.6196031,SUMINISTRO DE PRODUTOS PARA EL ALMACEN,REQUIERE_REVISION,0
CO1.PCCNTR.7274375,PRESTAR LOS SERVICIOS DE APOYO A LA GESTIÓN COMO AUXILIAR ADMINISTRATIVO EN LA SECRETARIA GENERAL DEL CONCEJO MUNICIPAL DE DOSQUEBRADAS,REQUIERE_REVISION,0
CO1.PCCNTR.339372,CONSTRUCCION DE DOS (2) PARQUES CON CANCHAS DEPORTIVAS EN LOS BARRIOS SANTA LUCIA Y NUEVO AMBALEMITA DEL MUNICIPIO DE HONDA; DE ACUERDO AL CONVENIO INTERADMINISTRATIVO No 512 DE 2016 CELEBRADO ENTRE EL DEPARTAMENTO ADMINISTRATIVO PARA LA PROSPERIDAD SOCIAL  FONDO DE INVERSION PARA LA PAZ  PROSPERI,SUFICIENTE,1
CO1.PCCNTR.2565834,Prestación de servicios de apoyo a la gestión en la dirección técnica de corvivienda.,REQUIERE_REVISION,0
CO1.PCCNTR.8749275,MEJORAMIENTO DEL PARQUE TURISTICO DE LA SAL; ESPACIO PUBLICO Y LA CASONA DEL MUNICIPIO DE ZIPAQUIRÁ DEL DEPARTAMENTO DE CUNDINAMARCA EN EL MARCO DEL CONVENIO ICCU 1124-2023,SUFICIENTE,1
CO1.PCCNTR.4410939,PRESTAR SERVICIOS PROFESIONALES TIPO 2 PARA EL DESARROLLO DE AUDITORÍAS Y SEGUIMIENTOS EN EL MARCO DEL PROYECTO MEJORAMIENTO DE LA EVALUACIÓN INDEPENDIENTE PARA GENERAR VALOR AGREGADO AL DESEMPEÑO INSTITUCIONAL EN EL DEPARTAMENTO DEL VALLE DEL CAUCA,SUFICIENTE,1
CO1.PCCNTR.6122969,APOYAR LA ORGANIZACIÓN; PREPARACION Y PARTICIPACION DE LOS DEPORTISTAS DE LA LIGA DE BOLO DEL VALLE; EN LOS EVENTOS DEL CALENDARIO ÚNICO NACIONAL DEL PRIMER SEMESTRE Y PRIORIZADOS DEL SEGUNDO SEMESTRE EN DESARROLLO DEL PROYECTO ESTRATEGICO DENOMINADO APOYO PARA LA PREPARACION Y PARTICIPACION DE LOS,SUFICIENTE,1
CO1.PCCNTR.1960541,SUMINISTRO DE LLANTAS PARA LOS VEHÍCULOS PERTENECIENTES DEL PROGRAMA DE SEGURIDAD EN CARRETERAS NACIONALES.,SUFICIENTE,1
CO1.PCCNTR.3899560,SUMINISTRO DE FORMATOS PREIMPRESOS PARA LA FACTURACIÓN,SUFICIENTE,1
CO1.PCCNTR.2079219,ADQUISICIÓN E INSTALACIÓN DE DISPENSADORES DE AGUA PARA LAS OFICINAS DE ENTerritorio,SUFICIENTE,1
CO1.PCCNTR.2087904,CONTRATAR DIPLOMADO EN MODELOS EDUCATIVOS FLEXIBLES PERTINENTES PARA MEJORAR Y FORTALECER LOS PROCESOS ETNOEDUCATIVOS EN LAS ESCUELAS DEL DEPARTAMENTO DE BOLÍVAR.,SUFICIENTE,1
CO1.PCCNTR.5713305,SUMINISTRO OPORTUNO DE COMPONENTES SANGUINEOS; PROCESAMIENTO DE ESTUDIOS COMPLEMENTARIOS ASESORIAS EN TEMAS RELACIONADOS CON LA TRANSFUSION; INVESTIGACION DE RAT Y CAPACITACION AL COMITÉ TRANSFUSIONAL EN LA E.S.E. HOSPITAL UNIVERSITARIO JULIO MENDEZ BARRENECHE.,SUFICIENTE,1
CO1.PCCNTR.8812345,PRESTACIÓN DE SERVICIOS PROFESIONALES COMO TRABAJADORA SOCIAL EN EL MARCO DEL PROYECTO MEJORAMIENTO DE LA ATENCION A USUARIOS DE LAS COMISARIAS DE FAMILIA DEL DISTRITO DE CARTAGENA DE INDIAS..,REQUIERE_REVISION,0
CO1.PCCNTR.7228986,Contratar el arrendamiento de un inmueble ubicado en la ciudad de Bogotá completamente dotado de mobiliario; dotación tecnológica y eléctrica para el uso exclusivo y funcionamiento de la Unidad Administrativa Especial de Gestión de Restitución de Tierras Despojadas Nivel Central Área Misional.,SUFICIENTE,1
CO1.PCCNTR.6254204,REPOSICIÓN DE LA RED DE ACUEDUCTO Y ALCANTARILLADO COMBINADA DE LA CALLE 79 BIS CON CARRERA 10C D.N O ENTRE MANZANAS 3 Y 4 D.A B/ CALATAYUD DEL MUNICIPIO DE IBAGUE DEPARTAMENTO DEL TOLIMA EN CUMPLIMIENTO DE ACCIÓN POPULAR 2019-00319,SUFICIENTE,1
CO1.PCCNTR.5160519,ENTREGAR EN COMODATO EQUIPOS Y ELEMENTOS TÉCNICOS; TECNOLÓGICOS Y DE TELEMÁTICA AL INSTITUTO NACIONAL DE MEDICINA LEGAL Y CIENCIAS FORENSES - DIRECCIÓN REGIONAL BOGOTÁ,SUFICIENTE,1
CO1.PCCNTR.8608629,PRESTACIÓN DE SERVICIOS PROFESIONALES Y DE APOYO A LA GESTIÓN POR MODALIDAD DE EVENTO COMO INGENIERO DE SISTEMAS PARA EL DESARROLLO DE HERRAMIENTAS PARA EL MÓDULO DE PROMOCIÓN Y PREVENCIÓN: (CUESTIONARIO DE SÍNTOMAS PARA NIÑOS (RQC); SELF-REPORT QUESTIONNAIRE/SRQ); TEST AUDIT (ALCOHOL USE SISORDERS,SUFICIENTE,1
CO1.PCCNTR.9051578,PRESTAR LOS SERVICIOS DE APOYO AL ÁREA DE GESTIÓN POLICIVA JURIDICA Y/O ÁREA DE DESARROLLO LOCAL EN LOS TEMAS RELACIONADOS CON SEGURIDAD Y CONVIVENCIA CIUDADANA; DE CONFORMIDAD CON EL MARCO NORMATIVO APLICABLE PARA LA MATERIA,SUFICIENTE,1
CO1.PCCNTR.4396180,ARRIENDO DE BIEN INMUEBLE DESTINADO PARA EL FUNCIONAMIENTO DE LA SECRETARIA DE GOBIERNO DEL MUNICIPIO DE TURBACO; BOLIVAR.,SUFICIENTE,1
CO1.PCCNTR.9239745,Contratar servicios profesionales para el desempeño de las funciones de la Dirección Administrativa y de Servicio al Ciudadano; de conformidad con lo establecido en el Acuerdo No. 27 del 5 de septiembre de 2025.,REQUIERE_REVISION,0
CO1.PCCNTR.7113432,DOTACIÓN DE ELEMENTOS PARA EL FORTALECIMEINTO A LA EDUCACIÓN EN LAS INSTITUCIONES EDUCATIVAS OFICIALES DEL MUNICIPIO DE PUERTO BOYACA,REQUIERE_REVISION,0
CO1.PCCNTR.6704653,COMPRA DE PRODUCTOS DE TABACO (CIGARRILLOS) PARA SER COMERCIALIZADOS EN EL EXPENDIO DEL ESTABLECIMIENTO PENITENCIARIO DE MEDIANA SEGURIDAD Y CARCELARIO DE ANSERMA CALDAS Y ASI EJECUTAR RECURSOS ASIGNADOS PARA LA VIGENCIA 2024.,SUFICIENTE,1
CO1.PCCNTR.8593186,Adquisición de juguetes recreativos; refrigerios y elementos logísticos necesarios para la ejecución de la Campaña Recolectando Sonrisas 2025 de la empresa DISPAC S.A. E.S.P.,SUFICIENTE,1
CO1.PCCNTR.1290444,Prestar servicios profesionales al Fondo para la Reparación de las Victimas administrado por la Unidad para la Atención y Reparación Integral a las Víctimas; en el equipo de administración de bienes; a través del apoyo a la coordinación en el grupo de bienes muebles y la estrategia de Vocación Socia,SUFICIENTE,1
CO1.PCCNTR.8975103,PRESTACIÓN DE SERVICIOS PROFESIONALES ESPECIALIZADOS PARA EJERCER COMO ABOGADA EN LA OFICINA ASESORA JURÍDICA DEL MUNICIPIO DE VILLAVICENCIO; META,REQUIERE_REVISION,0
CO1.PCCNTR.3016080,MANTENIMIENTO PREVENTIVO Y CORRECTIVO DEL PARQUE AUTOMOTOR DE PROPIEDAD DEL MUNICIPIO DE SAN GIL,SUFICIENTE,1
CO1.PCCNTR.3465804,Prestación de servicios profesionales materia de fomento y desarrollo sostenible de la actividad pesquera artesanal del Archipiélago al servicio de la Secretaría de Agricultura y Pesca; de la Gobernación de San Andrés Isla,SUFICIENTE,1
CO1.PCCNTR.7374809,MEDICO ESPECIALISTA EN PSIQUIATRIA INFANTIL,REQUIERE_REVISION,0
CO1.PCCNTR.6846123,CONTRATAR LA PRESTACIÓN DE SERVICIOS DE APOYO ADMINISTRATIVO Y AREA DE SISTEMAS DE LA CENTRAL DE URGENCIAS LOUIS PASTEUR E.S.E DE MELGAR TOLIMA.,REQUIERE_REVISION,0
CO1.PCCNTR.3416239,Prestación de servicios profesionales especializados para la asesoría y apoyo a la Oficina de Control Interno Disciplinario de la Defensoría del Pueblo en la proyección de conceptos jurídicos y en la tramitación; seguimiento e impulso de los procesos y demás de actividades que se adelanten en la dep,SUFICIENTE,1
CO1.PCCNTR.1781911,PRESTAR SERVICIOS PARA PROMOVER EL DESARROLLO INTEGRAL DE LA PRIMERA INFANCIA EN EL MARCO DE LA ATENCIÓN INTEGRAL.,REQUIERE_REVISION,0
CO1.PCCNTR.9716027,EF 080 PRESTACIÓN DE SERVICIOS PROFESIONALES COMO INSTRUCTOR DEPORTIVO PARA LA OFICINA FOMENTO Y PROMOCION DE LA EDUCACIÓN FISICA DEL INSTITUTO DE LA JUVENTUD EL DEPORTE LA RECREACION EL APROVECHAMIENTO DEL TIEMPO LIBRE Y LA EDUCACIÓN EXTRA ESCOLAR DEL MUNICIPIO DE TUNJA IRDET EN LOS PROGRAMAS Y,REQUIERE_REVISION,0
CO1.PCCNTR.5860472,PRESTAR SERVICIOS PROFESIONALES COMO ARQUITECTO AL INSTITUTO DE PATRIMONIO Y CULTURA DE CARTAGENA DE INDIAS. EN MARCO DEL PROYECTO: FORTALECIMIENTO; VALORACIÓN; CUIDADO Y CONTROL DEL PATRIMONIO MATERIAL EN EL DISTRITO DE CARTAGENA DE INDIAS.,REQUIERE_REVISION,0
CO1.PCCNTR.5342356,prestación de servicios personales para apoyar las actividades de gestión documental en el git gestión contractual,SUFICIENTE,1
CO1.PCCNTR.7683435,PRESTAR SERVICIOS PROFESIONALES PARA REALIZAR EL APOYO A LA SUPERVISION DE CONTRATOS; CONVENIOS Y DEMAS TIPOLOGIAS CONTRACTUALES SUSCRITOS PARA LA PRESTACION DE LOS SERVICIOS SOCIALES DE LA SUBIDRECCION PARA LA INFANCIA; VERIFICANDO EL CUMPLIMIENTO DEL OBJETO Y LAS OBLIGACIONES CONTRACTUALES EN EL,SUFICIENTE,1
CO1.PCCNTR.3010290,AUNAR ESFUERZOS TÉCNICOS; ADMINISTRATIVOS Y FINANCIEROS PARA EL MEJORAMIENTO DE LA VÍA QUE CONDUCE DEL CASCO URBANO A LA VEREDA CACICAZGO SECTOR ENTRADA ALBERTO PÁEZ DEL MUNICIPIO DE SUESCA DEL DEPARTAMENTO DE CUNDINAMARCA,SUFICIENTE,1
CO1.PCCNTR.5283126,MANTENIMIENTO PREVENTIVOS Y CORRECTIVO A LOS EQUIPOS INFORMATICOS: COMPUTADORES; IMPRESORAS; REDES INALAMBRICAS Y DEMAS EQUIPOS DE LA ESE CENTRO DE SALUD SAN JOSE DE TOLUVIEJO.,SUFICIENTE,1
CO1.PCCNTR.8842240,PRESTACION DE SERVICIOS PROFESIONALES PARA APOYAR EN LA PREPARACION DE ACCIONES ANTE EVENTOS CONTINGENTES Y DE EMERGENCIA EN LOS DIFERENTES ENTORNOS,SUFICIENTE,1
CO1.PCCNTR.5650106,INTERVENTORIA TECNICA; ADMINISTRATIVA; FINANCIERA Y AMBIENTAL PARA EL MEJORAMIENTO Y MANTENIMIENTO DE LAS VIAS RURALES EN LOS MUNICIPIOS DE VIOTA Y ANAPOIMA DEL DEPARTAMENTO DE CUNDINAMARCA DEL PROGRAMA CAMINOS COMUNITARIOS DE LA PAZ TOTAL,SUFICIENTE,1
CO1.PCCNTR.4074886,Contratar la capacitación y realización de acciones de formación enmarcada en procesos pedagógicos orientados a la formación en control social para las 20 localidades del Distrito Capital.,SUFICIENTE,1
CO1.PCCNTR.1117631,INTERVENTORÍA TÉCNICA; ADMINISTRATIVA; FINANCIERA Y LEGAL PARA LAS OBRAS DE MEJORAMIENTO Y MANTENIMIENTO DE LA REGISTRADURIA AUXILIAR DE KENNEDY - BOGOTA.,SUFICIENTE,1
CO1.PCCNTR.8076668,Aunar esfuerzos para la atención de la fauna silvestre y la producción de material vegetal para las actividades de reforestación y restauración ecológica que lleva a cabo la corporación.,SUFICIENTE,1
CO1.PCCNTR.8562324,Aunar esfuerzos técnicos; administrativos y financieros entre el Departamento de Nariño y el CABILDO MAYOR DEL RESGUARDO INDIGENA TERRITORIAL ANCESTRAL DEL PUEBLO INDIGENA INGA EN APONTE; para la ejecución del proyecto denominado: FORTALECER LAS CAPACIDADES PRODUCTIVAS DE 212 FAMILIAS INDÍGENAS PER,SUFICIENTE,1
CO1.PCCNTR.7628066,PRESTAR SERVICIOS PROFESIONALES EN EL DESARROLLO DE LAS ACTIVIDADES JURÍDICAS Y ADMINISTRATIVAS A CARGO DE LA OFICINA ASESORA JURÍDICA DEL MUNICIPIO DE SANTANDER DE QUILICHAO,REQUIERE_REVISION,0
CO1.PCCNTR.7518990,418-3-7992-PRESTAR LOS SERVICIOS PROFESIONALES ESPECIALIZADOS PARA LIDERAR EL SEGUIMIENTO Y ACOMPAÑAMIENTO DE LAS INTERVENCIONES SOCIALES REQUERIDAS POR LA SUBDIRECCIÓN TÉCNICA OPERATIVA,SUFICIENTE,1
CO1.PCCNTR.8969598,PRESTAR SERVICIOS DE APOYO A LA GESTIÓN LOCAL Y TERRITORIAL DE LOS TEMAS DE SEGURIDAD Y CONVIVENCIA CIUDADANA EN EL MARCO DEL PROYECTO DE INVERSION 2710 GESTORES DE CONVIVENCIA EN RAFAEL URIBE URIBE,REQUIERE_REVISION,0
CO1.PCCNTR.4157747,Entregar a título de comodato alcohosensores según las condiciones de ley y especificaciones técnicas.,SUFICIENTE,1
CO1.PCCNTR.8538929,Aunar esfuerzos económicos; técnicos y administrativos entre el Departamento de Nariño y el Municipio de Ricaurte (N); para contribuir a la rehabilitación de viviendas en el sector rural del municipio de Ricaurte (N); que resultaron afectadas por eventos concatenados a las últimas temporadas de lluv,SUFICIENTE,1
CO1.PCCNTR.6997611,AUNAR ESFUERZOS TÉCNICOS; ADMINISTRATIVOS Y FINANCIEROS ENTRE LA CORPORACIÒN AUTONOMA REGIONAL DEL TOLIMA CORTOLIMA Y LA ALCALDIA MUNICIPAL DE SAN ANTONIO TOLIMA; PARA LA EJECUCIÒN DEL PROYECTO DESARROLLO DE INICIATIVAS PARA LA ADAPTACIÓN; MITIGACIÓN; CONOCIMIENTO DEL CAMBIO CLIMÁTICO Y FOMENTO DE L,SUFICIENTE,1
CO1.PCCNTR.4499169,Prestar sus servicios profesionales al Área de Gestión de Desarrollo Local para apoyar la planeación; ejecución y seguimiento a los proyectos de inversión relacionados con la infraestructura de puentes,SUFICIENTE,1
CO1.PCCNTR.3278315,PRESTACIÓN DE SERVICIOS PROFESIONALES PARA APOYAR PLANEACIÓN Y SEGUIMIENTO ESTRATEGICO DE LOS PROYECTOS REALIZADOS POR LA SECRETARÍA DE MEDIO AMBIENTE.,SUFICIENTE,1
CO1.PCCNTR.4664959,SERVICIOS PROFESIONALES PARA CAPACITAR EN LA PROMOCIÓN DE LA RUTA PARA LA OBTENCIÓN DE LA CERTIFICACIÓN DE DISCAPACIDAD,SUFICIENTE,1
CO1.PCCNTR.9450414,COMPRA DE EQUIPOS ODONTOLOGICOS DE LA ESE HOSPITAL REGIONAL DEL MAGDALENA MEDIO,SUFICIENTE,1
CO1.PCCNTR.8249641,SUMINISTRO DE CALZADO VESTIDO DE LABOR; E IMPLEMENTOS DEPORTIVOS; PARA LOS SERVIDORES PÚBLICOS DEL DEPARTAMENTO DE ANTIOQUIA.,SUFICIENTE,1
CO1.PCCNTR.9672557,Prestación de Servicios Profesionales como Ingeniero Civil en la Secretaría de Seguridad y Justicia.,REQUIERE_REVISION,0
CO1.PCCNTR.7698993,7. PRESTACIÓN DE SERVICIOS DE APOYO A LA GESTIÓN COMO AUXILIAR ADMINISTRATIVO EN LA EJECUCIÓN Y DESARROLLO DE LOS PROCESOS INTEGRALES EN EL CARGUE OPORTUNO DE LA RESOLUCIÓN 202 DE 2021 PARA LA ESE HOSPITAL NUESTRA SEÑORA DEL CARMEN DE GUAMAL; MAGDALENA.,SUFICIENTE,1
CO1.PCCNTR.9064058,PRESTACIÓN DE SERVICIOS DE APOYO A LA GESTIÓN DE LA SECRETARÍA DE PROTECCIÓN SOCIAL Y SALUD; COMO MONITOR DE ACTIVIDAD FÍSICA; PARA LA PROMOCIÓN MODOS; CONDICIONES Y ESTILOS DE VIDA SALUDABLES Y LA PREVENCIÓN DE LAS ENFERMEDADES CRÓNICAS NO TRANSMISIBLES; EN ARTICULACIÓN CON EL PROGRAMA POR SU SALUD,SUFICIENTE,1
CO1.PCCNTR.6262155,Prestar sus servicios profesionales a la Dirección de Acceso a Activos Productivos; apoyando técnicamente las etapas de estructuración y/o implementación de los PIDAR; especialmente en activades relacionadas con la implementación de metodologías; indicadores e instrumentos que permitan hacer seguimi,SUFICIENTE,1
CO1.PCCNTR.3914551,Prestar sus servicios profesional especializado para la gestión documental y catalogación de documentos que permitan actualizar y recuperar el inventario material e inmaterial del patrimonio cultural,SUFICIENTE,1
CO1.PCCNTR.1476632,Prestar los servicios para la atención a la primera infancia en el servicio HCB Familia Mujer e Infancia  FAMI; de conformidad con el Manual Operativo de la Modalidad Familiar; el Lineamiento Técnico para la Atención a la Primera Infancia y las directrices establecidas por el ICBF; en armonía con,SUFICIENTE,1
CO1.PCCNTR.702870,Contrato de Suministro de productos de aseo y cafetería que garanticen una óptima atención en la sede técnico administrativa de la Dirección Territorial Andes Occidentales ubicada en la ciudad de Medellín; Antioquia.,SUFICIENTE,1
CO1.PCCNTR.7096867,AUNAR ESFUERZOS TÉCNICOS; ADMINISTRATIVOS Y FINANCIEROS ENTRE LA SECRETARIA DE SALUD DE CUNDINAMARCA Y LA EMPRESA SOCIAL DEL ESTADO HOSPITAL HABACUC CALDERON DE CARMEN DE CARUPA Y/O SUS SEDES DEPENDIENTES; PARA CONTRIBUIR CON EL MEJORAMIENTO; FORTALECIMIENTO; OPORTUNIDAD Y CUMPLIMIENTO EN LA PRESTAC,SUFICIENTE,1
CO1.PCCNTR.5674339,Adelantar la Interventoría técnica; administrativa; financiera; legal; ambiental y social del contrato de consultoría que se derive del concurso de méritos cuyo objeto consiste en: Adelantar consultoría para la ejecución de cálculos; estudio; diseños técnicos y gestión de licencias y permisos requer,SUFICIENTE,1
CO1.PCCNTR.9092924,CONTRATAR LA PRESTACIÓN DEL SERVICIOS DE OPERACIÓN LOGÍSTICA PARA ORGANIZACIÓN; ADMINISTRACIÓN; PRODUCCIÓN; EJECUCIÓN Y DEMÁS ACCIONES LOGÍSTICAS NECESARIAS PARA LA REALIZACIÓN DE DIFERENTES EVENTOS Y ACTIVIDADES DE TIPO INSTITUCIONAL; ADMINISTRATIVO; ACADÉMICO; DE BIENESTAR Y ESTRATÉGICO QUE REQUIE,SUFICIENTE,1
CO1.PCCNTR.5531825,Compra de software para la aplicación del proyecto aprobado con ID11263; ID11537 del Sena CNPB vigencia 2023. Lote 1,SUFICIENTE,1
CO1.PCCNTR.3783343,OBRA PÚBLICA PARA EL MANTENIMIENTO MEJORATIVO O DE ACTUALIZACIÓN DE LOS ALOJAMIENTOS MILITARES DE LA FAC EN LA GUARNICIÓN DE BOGOTÁ D.C.,SUFICIENTE,1
CO1.PCCNTR.398743,ADQUIRIR EL SUMINISTRO DE: PRODUCTOS DE ASEO Y LIMPIEZA PARA EL FUNCIONAMIENTO DEL ESTABLECIMIENTO PENITENCIARIO DE MEDIANA SEGURIDAD Y CARCELARIO DE TULUA;,SUFICIENTE,1
CO1.PCCNTR.2196539,MEDICO ESPECIALISTA - REUMATOLOGIA,REQUIERE_REVISION,0
CO1.PCCNTR.7231498,Prestar sus servicios profesionales; con plena autonomía técnica y administrativa en la Secretaria De Desarrollo Económico Y Competitividad; contemplados dentro del proyecto denominado Fortalecimiento a emprendimientos; empresarial y asociativo vigencia 2025 en el municipio de Pasto; se encuentra,REQUIERE_REVISION,0
CO1.PCCNTR.6987701,Prestar los servicios para la atención a la primera infancia en los Hogares Comunitarios de Bienestar HCB y HCB Familia Mujer e Infancia - FAMI; de conformidad con el Manual Operativo de la Modalidad correspondiente; el Lineamiento Técnico para la Atención a la Primera Infancia y las directrices e,SUFICIENTE,1
CO1.PCCNTR.4701079,SUMINISTRO DE GAS PROPANO (GAS LICUADO DE PETRÓLEO) EN CILINDROS CAPACIDAD DE 40 Y 100 LIBRAS PARA LAS CABAÑAS DEL CENTRO VACACIONAL PICALEÑA; LA CASA VACACIONAL LA CASONA UBICADA EN EL CENOP Y EN TANQUE CON CAPACIDAD DE 1000 KG PARA EL CENTRO VACACIONAL HONDA DE LA POLICÍA NACIONAL Y DEMÁS UNIDADES,SUFICIENTE,1
CO1.PCCNTR.8073135,PRESTACIÓN DE SERVICIOS PARA LA ASESORÍA JURÍDICA DE LOS ASUNTOS Y TRAMITES COMPETENCIA DE LA SECRETARIA DE PLANEACIÓN,SUFICIENTE,1
CO1.PCCNTR.4342470,PRESTACION DE SERVICIOS DE APOYO A LA GESTION COMO AUXILIAR DE ENFERMERIA EN APOYO EN EL PROGRAMA DE PROMOCIÓN Y PREVENCIÓN (PYP) EN SALUD DE LA ESE HLSMI DE ARACATACA MAGDALENA,SUFICIENTE,1
CO1.PCCNTR.7005467,CONTRATAR LA PRESTACIÓN DE SERVICIOS PROFESIONALES DE UN ABOGADO PARA ADELANTAR ASESORÍA JURÍDICA EN LOS PROCESOS ADMINISTRATIVOS REQUERIDOS POR LA DIRECCIÓN OPERATIVA; DE CONFORMIDAD CON LO DEFINIDO EN LA NORMATIVIDAD VIGENTE,SUFICIENTE,1
CO1.PCCNTR.8635114,CONSTRUCCIÓN Y PUESTA EN FUNCIONAMIENTO DEL SISTEMA DE ALUMBRADO NAVIDEÑO PARA LA TEMPORADA DECEMBRINA DEL MUNICIPIO DE SAN VICENTE DEL CAGUÁN; CAQUETÁ,SUFICIENTE,1
CO1.PCCNTR.2599927,REALIZAR EL ALQUILER DE MAQUINARIA PESADA PARA EL MANTENIMIENTO DE LAS VÍAS EN EL MUNICIPIO DE PUERTO TRIUNFO; ANTIOQUIA.,SUFICIENTE,1
CO1.PCCNTR.4322228,Prestación de servicios profesional de apoyo a la gestión como - PSICOLOGO,REQUIERE_REVISION,0
CO1.PCCNTR.8937426,PRESTAR SERVICIOS DE APOYO A AL GESTIÓN PARA ADELANTAR ACTIVIDADES RELATIVAS AL FORTALECIMIENTO DE LA MOVILIDAD Y A LA SEGURIDAD VIAL DEL MUNICIPIO DE LA TEBAIDA; QUINDÍO,SUFICIENTE,1
CO1.PCCNTR.4553799,ADMINISTRACIÓN DELEGADA DE RECURSOS PARA REALIZAR MANTENIMIENTO PREVENTIVO Y CORRECTIVO DE AIRES ACONDICIONADOS Y MANTENIMIENTO PREVENTIVO DEL ASCENSOR UBICADO EN LA ADMINISTRACIÓN MUNICIPAL DE GIRARDOTA,SUFICIENTE,1
CO1.PCCNTR.5626263,SUMINISTRO DE SUPLEMENTOS NUTRICIONALES DESTINADOS A ATLETAS Y DEPORTISTAS DE PROYECCIÓN DE LAS ESCUELAS DE FORMACIÓN DEPORTIVA DEL INSTITUTO MUNICIPAL DE RECREACIÓN Y DEPORTES (IMRD) CHÍA,SUFICIENTE,1
CO1.PCCNTR.1980032,CONV_MINTIC_19_2020_LOG_TH_IINT_Prestación de servicios de apoyo a la gestión para realizar el proceso de coordinación a los procesos operativos concernientes a la crítica; captura y análisis de consistencia de la información y acompañamiento a las fuentes de la Encuesta tecnologías de la informació,SUFICIENTE,1
CO1.PCCNTR.1560035,Aunar esfuerzos administrativos; técnicos y financieros con el fin de apoyar el fortalecimiento a la población adulta mayor en estado de abandono; indigencia y vulnerabilidad extrema; de acuerdo a la política pública de envejecimiento y vejez y al Plan de Desarrollo Bolívar Si Avanza 2016- 2019; r,SUFICIENTE,1
CO1.PCCNTR.5428604,Prestar servicios profesionales para la implementación del protocolo de prevención; detección y atención de violencias basadas en género y todo tipo de discriminación.,SUFICIENTE,1
CO1.PCCNTR.8876554,PRESTACIÓN DE SERVICIOS COMO CONTRATISTA INDEPENDIENTE; SIN VÍNCULO LABORAL POR SU PROPIA CUENTA Y RIESGO PARA REALIZAR LA GESTION DE PROFESIONAL DE APOYO AL COMPONENTE TRANSFORMACIÓN CULTURAL EN EJECUCIÓN DEL CONTRATO INTERADMINISTRATIVO NO.4600104693 DE 2025; CELEBRADO ENTRE DISTRITO ESPECIAL DE C,REQUIERE_REVISION,0
CO1.PCCNTR.8788402,REALIZAR ACTUACIONES EN MATERIA JURÍDICA PARA INTERVENIR EN EL DESARROLLO INTEGRAL DE LOS PROCEDIMIENTOS DE CONTRATACIÓN Y REALIZAR LAS GESTIONES LEGALES Y ADMINISTRATIVAS QUE DISPONGA LA OFICINA ASESORA JURÍDICA DE CORPORINOQUIA.,SUFICIENTE,1
CO1.PCCNTR.5703838,Mejorar la calidad y confiabilidad del servicio de energía eléctrica en los barrios subnormales del Mercado de Comercialización del OPERADOR DE RED ubicados en los municipios del Sistema Interconectado Nacional - SIN- conforme los reglamentos técnicos vigentes; legalizando los usuarios y adecuando l,SUFICIENTE,1
CO1.PCCNTR.4491032,PRESTACIÓN DE SERVICIOS PROFESIONALES EN EL ACOMPAÑAMIENTO EN LA COORDINACIÓN DE LAS BANDAS SINFÓNICAS Y EN LA DIRECCIÓN MUSICAL Y ARTÍSTICO DE LAS BANDAS SINFÓNICAS EN LAS ESCUELAS DE FORMACIÓN ARTÍSTICA Y CULTURAL RECREARTE; ADSCRITAS A LA SECRETARÍA DE CULTURA DEL MUNICIPIO DE SOPÓ.,SUFICIENTE,1
CO1.PCCNTR.8833247,PRESTACIÓN DE SERVICIOS PROFESIONALES A LA SECRETARIA DE HACIENDA MUNICIPAL; EN LA LIQUIDACIÓN DEL IMPUESTO DE INDUSTRIA Y COMERCIO; RETEICA; PUBLICIDAD EXTERIOR VISUAL; ACTUALIZACION Y DEPURACION DE LA BASE DE DATOS DE INDUSTRIA Y COMERCIO; DEL MUNICIPIO DE VILLETA; CUNDINAMARCA,SUFICIENTE,1
CO1.PCCNTR.2378456,ENTREGA EN COMODATO DE UN ARÉA DEL GRUPO TÉCNICO DEL COMANDO AÉREO DE MANTENIMIENTO,REQUIERE_REVISION,0
CO1.PCCNTR.6268500,Aunar esfuerzos entre el Municipio de Baranoa - Atlántico y la Fiscalía General de la Nación para que en el ámbito de sus competencias se adelanten acciones de cooperación; en búsqueda de la eficiencia en la actuaciones administrativas que llevan a cabo en el ejercicio de sus funciones y con ello f,REQUIERE_REVISION,0
CO1.PCCNTR.6631216,CONTRATO DE ARRENDAMIENTO DE UN INMUEBLE PARA EL FORTALECIMIENTO DE LOS PROGRAMAS Y PROCESOS EDUCATIVOS; ACTIVIDADES CULTURALES; DEPORTIVAS; RECREATIVAS PEDAGÓGICAS; QUE BUSCAN PROMOVER OBJETIVOS SOCIALES PARA GENERAR CONVIVENCIA; Y LA VALORACIÓN PROFESIONAL; SOCIAL Y HUMANA DE LA COMUNIDAD EDUCATIV,SUFICIENTE,1
CO1.PCCNTR.938127,Realizar el acompañamiento al fortalecimiento de las mesas ambientales municipales; corregimentales y temáticas,SUFICIENTE,1
CO1.PCCNTR.3246994,PRESTAR LOS SERVICIOS DE APOYO A LA GESTIÓN COMO PROFESIONAL 1; EN LA COORDINACIÓN DE LOS DIFERENTES TRAYECTOS Y ACTIVIDADES DE LA ESTRATEGIA VÍAS ACTIVAS Y SALUDABLES; DE LA SUBDIRECCIÓN DE FOMENTO DEPORTIVO Y RECREATIVO DEL INDER DE MEDELLÍN,SUFICIENTE,1
CO1.PCCNTR.1523932,SERVICIOS_2020_EMS_TH_TU Prestación de servicios de apoyo a la gestión para realizar los procesos preoperativo y de recolección; asesoramiento a empresas; validación; análisis; consistencia y envíos de la información de la EMS para los periodos a recolectar en la ejecución del contrato de mayo y jun,SUFICIENTE,1
CO1.PCCNTR.4246245,Prestar los servicios para la atención a la primera infancia en los hogares comunitarios de bienestar HCB tradicional; de conformidad con el manual operativo de la modalidad comunitaria; el lineamiento técnico para la atención a la primera infancia y las directrices establecidas por el ICBF; en armo,SUFICIENTE,1
CO1.PCCNTR.8286682,Unir esfuerzos; tecnológicos; administrativos y técnicos entre el Municipio de Puerto Salgar y la Agencia Pública de Empleo del SENA para generar oportunidades laborales de inclusión al empleo en la región a través de las empresas inscritas en la APE,SUFICIENTE,1
CO1.PCCNTR.8772001,PRESTACIÓN DE SERVICIOS PROFESIONALES PARA LA GENERACIÓN DE CONTENIDOS PERIODÍSTICOS; INFORMATIVOS Y COMUNICATIVOS QUE FORTALEZCAN LA DIVULGACIÓN DE LA GESTIÓN INSTITUCIONAL; LAS ESTRATEGIAS DE COMUNICACIÓN DIGITAL Y LA IMAGEN DE LA ADMINISTRACIÓN MUNICIPAL,SUFICIENTE,1
CO1.PCCNTR.6390725,El ARRENDADOR se compromete a dar en arrendamiento el inmueble ubicado en BARRIO FATIMA (sin nomenclatura) destinado para el funcionamiento de las oficinas de la registraduría municipal de SANTA CRUZ en el departamento de Nariño,SUFICIENTE,1
CO1.PCCNTR.9739461,GOBIERNO_2026_EDI_EDID_BD_TH_TU_IINT Prestación de servicios de apoyo a la gestión para desarrollar actividades de sensibilización; recolección de información; seguimiento y acompañamiento a las fuentes durante el levantamiento de datos de la Encuesta sobre Ambiente y Desempeño Institucional Naciona,SUFICIENTE,1
CO1.PCCNTR.6668946,REALIZAR LA INTERVENTORÍA TÉCNICA; ADMINISTRATIVA; FINANCIERA; SOCIAL; AMBIENTAL; CONTABLE Y JURIDICA AL CONTRATO CUYO OBJETO ES: CONTRATARMEDIANTE EL SISTEMA DE PRECIOS UNITARIOS A MONTO AGOTABLE; LAS OBRAS DE REHABILITACIÓN Y/O CONSERVACIÓN Y/O MEJORAMIENTO Y/O MANTENIMIENTO DE PARQUES DE PROXIM,SUFICIENTE,1
CO1.PCCNTR.4544390,CONTRATACION DE LA PRESTACION DE SERVICIOS PROFESIONALES DE UN ABOGADO ESPECIALISTA PARA LA DIRECCION OPERATIVA DE SALUD PUBLICA DEL DEPARTAMENTO ADMINISTRATIVO DISTRITAL DE SALUD - DADIS.,REQUIERE_REVISION,0
CO1.PCCNTR.1904346,PRESTAR SERVICIOS DE APOYO A LA GESTIÓN EN LA ADMINISTRACIÓN; OPERACIÓN Y ACTUALIZACIÓN DE HERRAMIENTAS TECNOLÓGICAS QUE PERMITAN LA SISTEMATIZACIÓN DEL MONITOREO Y TABLERO DE CONTROL INSTITUCIONAL DEL ICBF A CARGO DE LA SUBDIRECCIÓN DE MONITOREO Y EVALUACIÓN,SUFICIENTE,1
CO1.PCCNTR.2445956,Fortalecer el Programa de Vigilancia de la Calidad del Agua para Consumo Humano a través de la prestación del servicio de algunos análisis microbiológicos y fisicoquímicos en aguas de consumo humano y uso recreativo y de diferentes sustancias de interés sanitario que comprometen la salud pública; co,SUFICIENTE,1
CO1.PCCNTR.1627492,LA PRESTACIÓN DE LOS SERVICIOS EN HOSPITALIZACIÓN Y ASISTENCIA PSIQUIÁTRICA A LOS USUARIOS Y BENEFICIARIOS DEL SSFFMM CENTRALIZADOS AL ESTABLECIMIENTO DE SANIDAD MILITAR DEL BATALLÓN DE SERVICIOS NO. 12; PERTENECIENTES A LA DIRECCIÓN DE SANIDAD EJERCITO  CENTRAL ADMINISTRATIVA Y CONTABLE CENAC R,SUFICIENTE,1
CO1.PCCNTR.3156223,El arrendador entrega al arrendatario a titulo de arrendamiento el segundo piso del inmueble ubicado en la DIAGONAL 89 A SUR No 87-60; de la localidad de Bosa de la ciudad de Bogotá; para ser destinado a los servicios de bienestar social que presta la Secretaria Distrital de Integración Social,SUFICIENTE,1
CO1.PCCNTR.8744349,PRESTACION DE SERVICIOS TECNICOS ADMINISTRATIVOS PARA LAS ACTIVIDADES Y PROCESOS RELACIONADOS CON LA OFICINA DE ASESORIA JURIDICA Y CONTRATACION,REQUIERE_REVISION,0
CO1.PCCNTR.9317907,COMPRA DE MATERIAL PEDAGÓGICO Y BIENES DE CONSUMOS FINAL,SUFICIENTE,1
CO1.PCCNTR.3940597,PRESTACIÓN DE SERVICIOS PROFESIONALES COMO ABOGADO BRINDANDO SU APOYO Y SOPORTE JURÍDICO AL ÁREA DE DERECHOS HUMANOS; DERECHO INTERNACIONAL HUMANITARIO; PROMOCIÓN DE LA PAZ Y COORDINACIÓN DEL PUNTO DE ATENCIÓN A VÍCTIMAS DE LA SECRETARIA DE GOBIERNO MUNICIPAL; EN LO QUE EN DERECHO SE REQUIERA; DAND,SUFICIENTE,1
CO1.PCCNTR.7159405,SUMINISTRO DE MATERIAL DE FERRETERIA PARA LA IED SERREZUELA,SUFICIENTE,1
CO1.PCCNTR.8313138,Suscripción al producto Data License propiedad de la sociedad BLOOMBERG FINANCE L.P.,SUFICIENTE,1
CO1.PCCNTR.7207186,Prestar servicios de apoyo a la gestión en asuntos administrativos; técnicos y operativos en la Dirección del DADEP.,REQUIERE_REVISION,0
CO1.PCCNTR.4303367,Identificar; caracterizar y priorizar áreas potenciales del sistema de espacio público integrado a los corredores ambientales y redes ecológicas; para la generación de conectividad biológica urbana en el municipio de La Virginia; Risaralda,SUFICIENTE,1
CO1.PCCNTR.3124491,CONSTRUCCIÓN DE PARQUES RECREATIVOS INFANTILES EN DIFERENTES SECTORES DEL MUNICIPIO DE POPAYÁN,SUFICIENTE,1
CO1.PCCNTR.6928039,PRESTAR LOS SERVICIOS PROFESIONALES CON AUTONOMÍA TÉCNICA; ADMINISTRATIVA Y FINANCIERA EN LA SUBDIRECCION TECNICA DE LINEAMIENTOS; DESARROLLANDO ACTIVIDADES QUE PERMITAN LA ESTRUCTURACIÓN; EJECUCION Y SEGUIMIENTO DE LA ESTRATEGIA DE VOLUNTARIADO DEL IDIPRON .,SUFICIENTE,1
CO1.PCCNTR.3927539,PRESTACIÓN DE SERVICIOS PROFESIONALES PARA EL FORTALECIMIENTO INTEGRAL DE LA SECRETARIA DE HACIENDA.,REQUIERE_REVISION,0
CO1.PCCNTR.554408,Prestación de servicios de apoyo en la promoción institucional a través de la emisión de mensajes radiales institucionales.,SUFICIENTE,1
CO1.PCCNTR.3137735,LA UNIVERSIDAD DE NARIÑO es una INSTITUCION DE EDUCACION SUPERIOR de naturaleza pública; CON ACREDITACION DE ALTA CALIDAD; que prestará sus servicios para ADELANTAR EL PROCESO DE SELECCION DE LOS ASPIRANTES A SECRETARIO GENERAL DEL CONCEJO MUNICIPAL DE PASTO. PERIODO 2022- 2023,SUFICIENTE,1
CO1.PCCNTR.883944,PRESTACIÓN DE SERVICIOS COMO PROFESIONAL ESPECIALIZADO; PARA EL APOYO A LA SECRETARIA DE SALUD MUNICIPAL EN LA COORDINACION DEL SISTEMA INTEGRAL DE EMERGENCIAS MÉDICAS SIDENE.,SUFICIENTE,1
CO1.PCCNTR.9548388,ADQUISICIÓN DE IMPLEMENTACIÓN E INDUMENTARIA DEPORTIVA CON EL FIN DE APOYAR SU PREPARACIÓN; ENTRENAMIENTO Y PARTICIPACIÓN EN COMPETENCIAS OFICIALES DE LIGA PROFESIONAL; GARANTIZANDO LAS CONDICIONES TÉCNICAS Y DEPORTIVAS NECESARIAS PARA EL ÓPTIMO DESARROLLO DE SUS ACTIVIDADES COMPETITIVAS.,SUFICIENTE,1
CO1.PCCNTR.7139733,ADQUISICIÓN E INSTALACIÓN DE LLANTAS PARA VEHÍCULOS Y MOTOCICLETAS DEL DEPARTAMENTO DE POLICÍA QUINDÍO.,SUFICIENTE,1
CO1.PCCNTR.9206871,Aunar esfuerzos para brindar el servicio de transporte a los jóvenes y adultos beneficiarios del subsidio de transporte para viajar hacia los municipios de san pedro de los milagros; santa rosa de osos y Medellín; se incluye transporte de los consejeros de juventud.,SUFICIENTE,1
CO1.PCCNTR.3357506,Prestar los servicios de apoyo a la gestión para impulsar y desarrollar actividades de promoción de la salud y prevención de enfermedades transmisibles y no transmisibles dirigidas a los aprendices del Centro Industrial de Mantenimiento y Manufactura en el marco del Plan Nacional Integral de Bienest,SUFICIENTE,1
CO1.PCCNTR.7871593,PRESTAR SERVICIOS DE APOYO A LA GESTIÓN COMO AUXILIAR COMUNITARIO EN ACTIVIDADES DE CONVIVENCIA CIUDADANA; EN EL MARCO DEL PROYECTO DENOMINADO 'FORTALECIMIENTO DE LA CONVIVENCIA CIUDADANA MEDIANTE LA SENSIBILIZACIÓN Y DIVULGACIÓN DE MECANISMOS ALTERNATIVOS DE SOLUCIÓN DE CONFLICTOS EN ENTORNOS COMU,SUFICIENTE,1
CO1.PCCNTR.1277593,Se obliga para con la Agencia Nacional de Infraestructura a prestar sus servicios profesionales en derecho para representar judicial y extrajudicialmente a la Entidad; en los procesos de expropiación judicial; ejecutivos; administrativos; acciones de tutela y policivos relativos con la adquisición d,SUFICIENTE,1
CO1.PCCNTR.1857979,Prestar servicios de apoyo a la gestión en la programación y ejecución de las actividades de sostenibilidad; funcionamiento y mejoramiento de los CEFES administrados por el IDRD.,SUFICIENTE,1
CO1.PCCNTR.3701414,EL ARRENDAMIENTO DE AREA PARA EL ALMACENAMIENTO DE ARCHIVOS DOCUMENTALES DEL ARCHIVO CENTRAL DE LA GERENCIA DEPARTAMENTAL COLEGIADA DE SANTANDER DE LA CONTRALORÍA GENERAL DE LA REPÚBLICA,SUFICIENTE,1
CO1.PCCNTR.4146218,INTERVENTORIA INTEGRAL AL CONTRATO DE EJECUCION DE LAS OBRAS DE ADECUACIÓN; MEJORAMIENTO Y MANTENIMIENTO CORRECTIVO DE LAS PLANTAS FÍSICAS; ASÍ COMO LA ADECUACIÓN Y/O MEJORAMIENTO DE COMEDORES ESCOLARES DE LOS COLEGIOS DISTRITALES Y LA EJECUCIÓN DE OBRAS MENORES QUE PERMITAN LA ATENCIÓN DE EMERGENCI,SUFICIENTE,1
CO1.PCCNTR.6876933,TRANSFERENCIA DE LOS DE RECURSOS ECONÓMICOS DEL ORDEN MUNICIPAL A TRAVÉS DEL FONDO DE SOLIDARIDAD Y REDISTRIBUCIÓN DEL INGRESO - FSRI; TENDIENTES AL OTORGAMIENTO DE SUBSIDIOS A LA DEMANDA DEL SERVICIO PÚBLICO DOMICILIARIO DE ASEO DE USUARIOS DE LOS ESTRATOS 1; 2 Y 3 DEL MUNICIPIO DE ANDALUCIA PARA L,SUFICIENTE,1
CO1.PCCNTR.5762061,PRESTACION DE SERVICIOS DE UN AUXILIAR DE ENFERMERÍA PARA APOYO DE LABORATORIO EN TOMA DE MUESTRAS DEL HOSPITALSAN CARLOS E.S.E; DANDO CUMPLIMIENTO A LOS PROCESOS; PROCEDIMIENTOS Y PROTOCOLOS INSTITUCIONALES.,SUFICIENTE,1
CO1.PCCNTR.5061673,OACRI-027 Prestar servicios profesionales a la Dirección General de la UAESP en el acompañamiento; gestión; trámite y seguimiento de los procesos relacionados con el concejo de Bogotá y el congreso de la República; de acuerdo a lo establecido en los procedimientos que sobre la materia tenga implemen,SUFICIENTE,1
CO1.PCCNTR.791378,PRESTAR SERVICIOS PROFESIONALES A LA SUBDIRECCIÓN TÉCNICA DE PRODUCCIÓN E INTERVENCIÓN EN LA ELABORACIÓN Y SEGUIMIENTO DE LOS (PMT) PLANES DE MANEJO DE TRANSITO REQUERIDOS PARA LA INTERVENCIÓN DE LOS SEGMENTOS VIALES,SUFICIENTE,1
CO1.PCCNTR.5171617,Entregar a título de COMODATO O PRESTAMO DE USO el bien inmueble de su propiedad; ubicado en la manzana 1; casa 16 Barrio Ciudad Baquía Etapa 1 del municipio de Pereira; identificado con la Matricula Inmobiliaria No. 290-77699 y Ficha Catastral 660010107000003190011000000000; un área específica de 1,REQUIERE_REVISION,0
CO1.PCCNTR.8843113,Prestar Servicios Profesionales Para Apoyar La Estructuracion Implementacion Gestion Y Seguimiento De Los Procesos Derivados De La Ejecucion De Planes Programas Proyectos Modalidades Y Estrategias Relacionadas Con La Promocion De Los Derechos Y La Prevencion De Vulneraciones De La Infancia Y La Adol,SUFICIENTE,1
CO1.PCCNTR.6293700,MEG-74 AUNAR ESFUERZOS TECNICOS; ECONOMICOS Y HUMANOS PARA PRESTAR EL SERVICIO DE ATENCION INTEGRAL AL ADULTO MAYOR DEL MUNICIPIO DE TUNJA BOYACA-VIGENCIA 2024; DENTRO DE LA ESTRATEGIA SABIDURIA CON AMOR DE LA SECRETARIA DE LA MUJER EQUIDAD DE GENERO E INLCUSION SOCIAL.,SUFICIENTE,1
CO1.PCCNTR.7745571,Prestación de servicios de fumigación; desinsectación; desratización; desinfección y limpieza de las diferentes áreas de las instalaciones del edificio del Despacho Regional y el CIGEC,SUFICIENTE,1
CO1.PCCNTR.6203502,SERVICIOS CLOUD PARA EL FORTALECIMIENTO DE LOS SERVICIOS WEB DE LA EMPRESA DE SERVICIOS PÚBLICOS DE FUSAGASUGÁ - EMSERFUSA E.S.P.,SUFICIENTE,1
CO1.PCCNTR.6472263,ADQUISICIÓN DEL KIT DE REPARACION PARA TANQUES DE COMBUSTIBLE PARA EL GRUPO TECNICO NO.13 DEL COMANDO AEREO DE COMBATE NO.1; DE ACUERDO A ESPECIFICACIONES TECNICAS,SUFICIENTE,1
CO1.PCCNTR.8950000,4011 - Prestar servicios de apoyo a la gestión a la Delegada para el Buen Futuro en las actividades para la implementación territorial de la estrategia misional SerenaMente; en el desarrollo de actividades de formación y fortalecimiento de capacidades dirigidas a la población beneficiaria en las reg,SUFICIENTE,1
CO1.PCCNTR.3344488,APOYO PROFESIONAL PARA EL DESARROLLO DE LAS ACCIONES DEL PROGRAMA PLAN AMPLIADO DE INMUNIZACIONES Y GESTION DE LA SALUD INFANTIL EN EL MUNICIPIO DE ACACIAS META,SUFICIENTE,1
CO1.PCCNTR.8065386,CONTRATO INTERADMNISTRATIVO PARA LA DISTRIBUCIÓN DE CORREO CERTIFICADO A NIVEL RURAL; URBANO; MUNICIPAL Y NACIONAL; PARA LA SECRETARÍA DE TRANSITO Y TRANSPORTE Y LA SECRETARÍA DE HACIENDA Y DEL TESORO MUNICIPAL DEL MUNICIPIO DE HONDA TOLIMA,SUFICIENTE,1
CO1.PCCNTR.6820953,PRESTACIÓN DE SERVICIOS PROFESIONALES EN EL MARCO DEL PROYECTO; FORTALECIMIENTO; GESTIÓN Y ARTICULACIÓN DE LA OFERTA SOCIAL PARA MIGRANTES EN CONDICIONES DE VULNERABILIDAD EN EL MUNICIPIO DE CANDELARIA.,REQUIERE_REVISION,0
CO1.PCCNTR.6431517,PRESTACION DE SERVICIOS DE APOYO A LA GESTION PARA REALIZAR COMO APOYO LOGISTICO A LAS DIFERENTES ACTIVIDADES QUE SE PRESENTEN EN EL MUNICIPIO DE EL PASO,REQUIERE_REVISION,0
CO1.PCCNTR.6897483,EL DISTRITO; hará la entrega en calidad de PRÉSTAMO DE USO; al USUARIO del escenario deportivo COLISEO EVANGELISTA MORA; ubicado en la UNIDAD DEPORTIVA SAN FERNANDO de la ciudad de Santiago de Cali; para el desarrollo del evento VIII CONGRESO IBEROAMERICANO DE EDUCACIÓN AMBIENTAL.,SUFICIENTE,1
CO1.PCCNTR.3047466,AUNAR ESFUERZOS TECNICOS; ADMINISTRATIVOS Y FINANCIEROS ENTRE LA ALCALDIA MUNICIPAL Y LA CAJA DE COMPRENSACION FAMILIAR COMFACHOCO; PARA EL FORTALECIMIENTO Y DIFUSION DE LAS EXPRESIONES CULTURALES Y ARTISTICAS POR MEDIO DE LA IMPLEMENTACION DE UNA ESCUELA DE MUSICA Y BELLAS ARTES FRANCISCANA EN EL,SUFICIENTE,1
CO1.PCCNTR.488611,a nombre propio y de manera independiente; es decir; sin que exista subordinación; ni relación laboral virtud del presente contrato; se obliga a la PRESTACIÒN DE SERVICIOS PROFESIONALES PARA LLEVAR A CABO EL SEGUIMIENTO; ACOMPAÑAMIENTO Y RECOMENDACIONES EN MATERIA DE CALIDAD NECESARIAS DENTRO DE L,SUFICIENTE,1
CO1.PCCNTR.6380011,ADQUISICIÓN; PREINSTALACIÓN E INSTALACIÓN Y PUESTA EN FUNCIONAMIENTO DE EQUIPOS BIOMÉDICOS PARA EL SERVICIO DE SALAS DE CIRUGÍA; UCI PEDIÁTRICA HOSPITALIZADOS; CONSULTA EXTERNA; URGENCIAS PERTENECIENTES AL HOSPITAL MILITAR CENTRAL PARA LA VIGENCIA 2024. - (DOPPLER FETAL).,SUFICIENTE,1
CO1.PCCNTR.7147939,CONTRATAR LA POLIZA DE MANEJO GLOBAL SECTOR ESTATAL; PARA LA PERSONERIA MUNICIPAL DE ARMERO GUAYABAL,SUFICIENTE,1
CO1.PCCNTR.2053430,PRESTAR LOS SERVICIOS PROFESIONALES DE APOYO A LA GESTIÓN REALIZANDO LEGALIZACIÓN DE LOS PREDIOS DEL MUNICIPIO DE QUIBDO,SUFICIENTE,1
CO1.PCCNTR.3907026,Prestación de servicios profesionales para apoyar el componente de comunicaciones del Contrato interadministrativo entre secretaría de Juventud y el MCM para la ejecución del proyecto de fortalecimiento de la movilización Juvenil denominado MEDELLÍN EN LA CABEZA,SUFICIENTE,1
CO1.PCCNTR.7720148,SUMINISTRO DE PAPEL HIGIENICO Y TOALLAS DE MANO,SUFICIENTE,1
CO1.PCCNTR.8516612,AUNAR ESFUERZOS ADMINISTRATIVOS; TÉCNICOS; LOGÍSTICOS; JURÍDICOS Y FINANCIEROS PARA LLEVAR A CABO LA RESTAURACIÓN; ADECUACIÓN Y PUESTA EN FUNCIONAMIENTO DEL ANTIGUO PALACIO MUNICIPAL COMO LA CASA DE LA CULTURA DEL MUNICIPIO DE OVEJAS; EN EL DEPARTAMENTO DE SUCRE,SUFICIENTE,1
CO1.PCCNTR.9492900,LOTE 1: PRUEBAS RÁPIDAS PARA TAMIZAJE VIH Y DEMÁS INSUMOS. LOTE 2 INSUMOS Y APARATOS MEDICOS; QUE SE REQUIEREN PARA LA INCORPORACIÓN DE CONSCRIPTOS REALIZADO POR EL COMANDO DE RECLUTAMIENTO Y CONTROL RESERVAS DEL EJÉRCITO NACIONAL- DIRECCIÓN DE RECLUTAMIENTO; A EJECUTAR EN LA VIGENCIA 2026,SUFICIENTE,1
CO1.PCCNTR.6177193,PRESTAR SERVICIOS PROFESIONALES A LA DIRECCIÓN DE ACCESO A LA JUSTICIA PARA APOYAR TERRITORIALMENTE LAS ACCIONES NECESARIAS PARA LA ESTRATEGIA DE ACCESO A LA JUSTICIA RELACIONADA CON MEDIACIÓN ESCOLAR Y JUSTICIA COMUNITARIA EN BOGOTÁ RURAL Y URBANA; DE ACUERDO CON LOS LINEAMIENTOS ESTABLECIDOS POR L,SUFICIENTE,1
CO1.PCCNTR.2637917,CONTRATO DE TRANSACCIÓN CON LA IPS SOCIEDAD DE NEUROCIENCIAS E IMÁGENES DIAGNOSTICAS NEUROIMAGENES S.A. PARA EL SANEAMIENTO DEFINITIVO DE LAS CUENTAS DE SERVICIOS Y TECNOLOGÍAS NO FINANCIADAS CON LA UPC DEL RÉGIMEN SUBSIDIADO EN EL MARCO DEL ARTÍCULO 238 DE LA LEY 1955 DE 2019 Y NORMAS QUE LO REGLAM,SUFICIENTE,1
CO1.PCCNTR.8380319,CONTRATAR LA PRESTACIÓN DE SERVICIOS DE UNA PROFESIONAL EN PSICOLOGIA; PARA EL PROGRAMA EQUIPOS BASICOS DE ATENCION PRIMARIA EN SALUD URBANOS; EJECUTADOS EN EL MUNICIPIO DE MELGAR TOLIMA POR LA CENTRAL DEL URGENCIAS LOUIS PASTEUR ESE; CONFORME A RESOLUCION 1928 DE 2024,SUFICIENTE,1
CO1.PCCNTR.1535171,PRESTACIÓN DE SERVICIOS DE APOYO DE UN TECNÓLOGO PARA EL FORTALECIMIENTO DE LA INSPECCION; VIGILANCIA Y CONTROL DE LOS ESTABLECIMIENTOS COMERCIALES DEL MUNICIPIO DE IBAGUE,SUFICIENTE,1
CO1.PCCNTR.4631331,PRESTACIÓN DE SERVICIOS PROFESIONALES DE UN ABOGADO ESPECIALIZADO PARA APOYAR LOS PROCESOS QUE SE LLEVEN A CABO EN TEMAS PENALES; CONTRACTUALES; Y DEMÁS EN LINEA DE DEFENSA DEL CONSERVATORIO DEL TOLIMA,SUFICIENTE,1
CO1.PCCNTR.4480117,PRESTACIÓN DE SERVICIOS PARA LA IMPLEMENTACION DE ACCCIONES DE LA POBLACIÓN ETNICA (AFROS E INDIGENAS) DE LA SECRETARIA DE GOBIERNO EN EL MUNICIPIO DE ACACÍAS - META,REQUIERE_REVISION,0
CO1.PCCNTR.2053529,Renovar las licencias de la solución de seguridad de la información con cobertura total de perímetro de gestión para equipo principal y para equipo de respaldo; que incluya actualizaciones; nuevas versiones y soporte Técnico para la red de datos de la Alcaldía de Pereira,SUFICIENTE,1
CO1.PCCNTR.6228205,GOB 204 CONTRATO DE COMODATO O PRESTAMOS DE BIENES MUEBLES A LA JUNTA DE ACCION COMUNAL DE LA VEREDA LA ELENA DEL COREREGIMIENTO TRECE DEL MUNICIPIO DE IBAGUE EN EL MARCO DEL PROYECTO FORTALECIMIENTO DE LA DEMOCRACIA; LA PARTICIPACION CIUDADANA Y LA LIBERTAD RELIGIOSA EN EL MUNICIPIO DE IBAGUE.,SUFICIENTE,1
CO1.PCCNTR.5347893,PRESTACIÓN DE SERVICIOS DE APOYO A LA GESTIÓN DE LA SECRETARIA DE TRANSPORTE Y MOVILIDAD EN LA VIGILANCIA; CONTROL E INTERVENCIÓN DEL CUMPLIMIENTO DE LAS NORMAS DE TRÁNSITO; A FIN DE DISMINUIR LOS INDICES DE ACCIDENTALIDAD Y FOMENTAR LA SEGURIDAD VIAL.,SUFICIENTE,1
CO1.PCCNTR.8716118,MEJORAMIENTO DE LA INFRAESTRUCTURA FÍSICA DE LA BIBLIOTECA MUNICIPAL DE RIOBLANCO TOLIMA,SUFICIENTE,1
CO1.PCCNTR.6857087,AUNAR ESFUERZOS TECNICOS; ADMINISTRATIVOS Y ECONOMICOS; PARA LA REALIZACIÓN DE ACTIVIDADES CULTURALES Y ARTISTICAS DEPORTIVAS Y DE EMPRENDIMIENTO EN EL MARCO DE LA DECIMOTERCERA FERIA DE EL CERRITO PARAISO TURISTICO Y CULTURAL; EN EL MUNICIPIO DE EL CERRITO,SUFICIENTE,1
CO1.PCCNTR.9230314,1_5055_77_1_2026 Prestar servicios de apoyo técnico a la gestión como diseñador; para el acompañamiento en las actividades de diseño gráfico y funcional requeridas en el desarrollo e implementación de la plataforma tecnológica del Fondo Emprender; bajo la coordinación de la fábrica de software.,SUFICIENTE,1
CO1.PCCNTR.8208170,PRESTACIÓN DEL SERVICIO DE DIFUSIÓN EN REDES SOCIALES; PAGINA WEB; CUBRIMIENTO Y SEGUIMIENTO DE LOS PROGRAMAS Y ACTIVIDADES QUE REQUIERA LA ALCALDÍA MUNICIPAL DE SOACHA. EN VIRTUD DE LA GERENCIA INTEGRAL DEL CONTRATO INTERADMINISTRATIVO N° 1918-2025; ENTRE EPUXUA E.I.C.E. Y LA SECRETARIA GENERAL DEL,SUFICIENTE,1
CO1.PCCNTR.350642,ADQUISICION DE DETECTOR DE JUNTURAS NO LINEALES,SUFICIENTE,1
CO1.PCCNTR.3640920,PRESTACION DE SERVICIOS COMO FACTURADOR DE CUENTAS MEDICAS PARA LA UNIDAD DE CUENTAS HOSPITALARIAS Y FACTURACION DE LA ENTIDAD DESCENTRALIZADA DEL SECTOR DEFENSA - HOSPITAL MILITAR CENTRAL,SUFICIENTE,1
CO1.PCCNTR.9086674,PRESTACIÓN DE SERVICIOS DE AUXILIARES DE APOYO A LA GESTIÓN Y DE SERVICIOS GENERALES EN LA ALCALDIA DE LETICIA,REQUIERE_REVISION,0
CO1.PCCNTR.3095794,ADQUISICIÓN DE SOLUCIONES Y MATERIALES DE LABORATORIO SOPORTE PARA ACTIVIDADES DE TOMA DE MUESTRA,SUFICIENTE,1
CO1.PCCNTR.8767193,PRESTACIÓN DE SERVICIOS DE APOYO A LA GESTION COMO AUXILIAR DE ENFERMERÍA DENTRO DEL MARCO DE LA RESOLUCIÓN 1032 DEL 11 DE JUNIO 2024 QUE ORIENTA LA CONFORMACIÓN Y OPERACIÓN DE LOS EQUIPOS BÁSICOS EN SALUD EN EL MUNICIPIO DE GIRÓN 25,SUFICIENTE,1
CO1.PCCNTR.5679329,GRUPO 2: ADQUISICION AIRES ACONDICIONADOS; (BAACA05),SUFICIENTE,1
CO1.PCCNTR.1485846,SUMINISTRO DE INSUMOS MÉDICO QUIRÚRGICOS Y DISPOSITIVOS MÉDICOS,SUFICIENTE,1
CO1.PCCNTR.7153859,REALIZAR EL SUMINISTRO DE PÓLIZAS DE SEGUROS; TODO RIESGO MAQUINARIA Y EQUIPO; AUTOMÓVILES; RESPONSABILIDAD CIVIL CONTRACTUAL BÁSICA DEL MUNICIPIO DE LABRANZAGRANDE - BOYACÁ,SUFICIENTE,1
CO1.PCCNTR.9666466,PRESTAR LOS SERVICIOS DE APOYO A LA GESTIÓN A LA SECRETARIA DE SALUD,REQUIERE_REVISION,0
CO1.PCCNTR.4996632,SUMINISTRO DE ARTICULOS DE ASEO PARA TODAS LAS SEDES DE LA IE MARINO RENJIFO SALCEDO,SUFICIENTE,1
CO1.PCCNTR.8267704,PRESTACIÓN DE SERVICIOS DE FORMA AUTÓNOMA E INDEPENDIENTE; POR PARTE DEL CONTRATISTA A FAVOR DE LA SECRETARÍA DE EDUCACIÓN; CULTURA Y DEPORTE; EN EL DESARROLLO DE ACTIVIDADES CONFORME A LA ESTRATEGIA DE GOBIERNO EN LÍNEA; OFERTA TIC; SOPORTE Y MANTENIMIENTO TÉCNICO DEL SOFTWARE Y HARDWARE DE LOS EQ,SUFICIENTE,1
CO1.PCCNTR.8029581,PRESTACION DE SERVICIOS PROFESIONALES ESPECALIZADOS COMO RADIOLOGO DE ACUERDO A LAS NECESIDADES ASISTENCIALES DEL HOSPITAL LA CANDELARIA E.S.E. DE EL BANCO; MAGDALENA,REQUIERE_REVISION,0
CO1.PCCNTR.2548046,Adquirir Kits básicos para dotación en caso de desastres para la implementación de la estrategia del sistema de alertas tempranas en desarrollo del proyecto denominado Fortalecimiento de la capacidad comunitaria para la Gestión del Riesgo a partir de la integración al Sistema de Alertas Tempranas d,SUFICIENTE,1
CO1.PCCNTR.6978727,Prestar los servicios para la atención a la primera infancia en los Hogares Comunitarios de Bienestar HCB y Hogares Comunitarios de Bienestar Agrupados; HCB Familia Mujer e Infancia - FAMI; de conformidad con el Manual Operativo de la Modalidad correspondiente; el Lineamiento Técnico para la Aten,SUFICIENTE,1
CO1.PCCNTR.8103992,PRESTAR SERVICIOS PROFESIONALES PARA EL DESARROLLO E IMPLEMENTACIÓN DE CAMPAÑAS ESTRATÉGICAS DE COMUNICACIÓN DE LA SECRETARIA DE EDUCACIÓN DEL DEPARTAMENTO DEL CAUCA; EN EL MARCO DEL PROYECTO: IMPLEMENTACIÓN DEL PLAN ESTRATÉGICO Y PEDAGÓGICO DE COMUNICACIONES ORIENTADO A LA COMUNIDAD EDUCATIVA DE LO,SUFICIENTE,1
CO1.PCCNTR.254901,ADQUISICIÓN DE HERRAMIENTAS ELÉCTRICAS; ELECTRÓNICAS Y ELEMENTOS DE FERRETERÍA PARA USO Y MANTENIMIENTO DE LAS INSTALACIONES DE LA POLICIA METROPOLITANA DE CÚCUTA Y DEMÁS UNIDADES POR LAS QUE LLEGARE A SER LEGALMENTE RESPONSABLE; SEGÚN CANTIDADES Y ESPECIFICACIONES TÉCNICAS DESCRITAS,SUFICIENTE,1
CO1.PCCNTR.7202624,Prestación de servicios como contratista independiente; sin vínculo laboral por su propia cuenta y riesgo para realizar la gestión de Profesional de apoyo y asesoría en DDHH y DIH a los ciudadanos en ejecución del Contrato Interadministrativo No 4600101088 DE 2024 celebrado entre el Distrito Espec,SUFICIENTE,1
CO1.PCCNTR.6508958,AUNAR ESFUERZOS TÉCNICOS; ADMINISTRATIVOS Y OPERATIVOS CON EL FIN DE INSTALAR UN CENTRO OPERATIVO MUNICIPAL - COM PARA EL DESARROLLO DEL CENSO ECONÓMICO NACIONAL URBANO - CENU 2024; CON EL MUNICIPIO DE ARAUQUITA (ARAUCA).,SUFICIENTE,1
CO1.PCCNTR.9417036,SUMINISTRO DE ELEMENTOS DE ASEO Y CAFETERIA PARA LA ALCALDIA MUNICIPAL DE SALGAR ANTIOQUIA,SUFICIENTE,1
CO1.PCCNTR.8957789,Prestar servicios de apoyo a la gestión de carácter administrativo y operativo; de manera temporal; para atender y garantizar el desarrollo de los procesos de selección; ingreso y certificación académica en los aplicativos dispuestos para la gestión educativa del Centro para la Industria de la Comun,SUFICIENTE,1
CO1.PCCNTR.7489936,Prestar los servicios Profesionales en la Secretaria de Desarrollo Territorial y Participación Ciudadana; en el proyecto denominado: Fortalecimiento De La Gobernanza Territorial En Participación Ciudadana En Santiago De Cali BP26005396,REQUIERE_REVISION,0
CO1.PCCNTR.7936179,SUMINISTRO DE PRENDAS PARA LA DOTACIÓN DEL PERSONAL DE LA PERSONERÍA MUNICIPAL DE SARAVENA,SUFICIENTE,1
CO1.PCCNTR.6220506,PRESTACIÓN DE SERVICIOS PROFESIONALES PARA APOYAR LAS ACTIVIDADES JURÍDICAS QUE ADELANTA LA DIRECCIÓN DE GESTION CONTRACTUAL EN LA ESTRUCTURACIÓN; DESARROLLO Y FINALIZACION DE LOS PROCESOS CONTRACTUALES,SUFICIENTE,1
CO1.PCCNTR.299314,ARRENDAMIENTO DE LAS INSTALACIONES DEL LAVADERO DE LA ESTACION DE SERVICIO FARO DEL SUR DEL COMANDO GUARDACOSTAS DEL AMAZONAS,SUFICIENTE,1
CO1.PCCNTR.4122751,PRESTACION DE SERVICIOS PROFESIONALES ESPECIALIZADOS DE APOYO A LA GESTION COMO ABOGADO ESPECIALISTA EN DERECHO AMBIENTAL; TERRITORIAL Y URBANISTICO PARA APOYAR A LA OFICINA DE PLANEACION EN LA REVISION JURIDICA DE EXPEDIENTES Y EN LA PROYECCION DE RESPUESTAS A LOS DIFERENTES REQUERIMIENTOS ASIGNADO,SUFICIENTE,1
CO1.PCCNTR.5454924,APOYO SOLIDARIO A LA JUNTA D ACCION COMUNAL DEL BARRIO ALTO DE LOS LIRIOS DE LA LOCALDIAD 3. TURISTICA PERLA DEL CARIBE PARA EJECUCION DEL PROYECTO CONSTRUCCION DE OBRAS MENORES EN LOS BARRIOS Y VEREDAS DEL DISTRITO DE SANTA MARTA,SUFICIENTE,1
CO1.PCCNTR.887942,Apoyar al CONTRATISTA para la realización de actividades culturales; artísticas; y/o recreativas y deportivas en la ciudad de Bogotá a través de la realización del proyecto: CARNAVAL DE PATIO BONITO; en el marco del Plan de Desarrollo Bogotá Mejor para Todos; de conformidad con el proyecto pres,SUFICIENTE,1
CO1.PCCNTR.6956911,PRESTACIÓN DE SERVICIOS COMO PARQUERO; DENTRO DE LA EJECUCIÓN DE LAS ACTIVIDADES DESARROLLADAS EN EL MARCO DEL CONVENIO DE LIMPIEZA; MANTENIMIENTO Y EMBELLECIMIENTO DE PARQUES Y ZONAS VERDES UBICADAS EN EL ESPACIO PÚBLICO DEL MUNICIPIO DE BUCARAMANGA; SANTANDER 101,SUFICIENTE,1
CO1.PCCNTR.288653,Prestación de servicios técnicos para apoyar la gestión documental en el proceso de Adquisición de bienes y servicios y la elaboración y actualización de bases de datos de la Dirección Territorial Pacífico; en el área administrativa,SUFICIENTE,1
CO1.PCCNTR.7028888,Prestar los servicios de apoyo a la gestion en el area de talento humano; almacen y archivo; en cuanto a los procesos de aplicación delos instrumentos archivisticos y las tablas de retencion documental,SUFICIENTE,1
CO1.PCCNTR.793774,Prestar servicios Profesionales a la gestión administrativa y/o asistencial en el area de Rehabilitación dentro de los diferentes procesos y procedimientos de la SUBRED INTEGRADA DE SERVICIOS DE SALUD SUR OCCIDENTE E.S.E. de acuerdo al requerimiento institucional.,REQUIERE_REVISION,0
CO1.PCCNTR.6442722,PRESTACIÓN DE SERVICIOS COMO TÉCNICO AUXILIAR DE ENFERMERÍA EN EL ÁREA ASISTENCIAL; DENTRO DE LOS DIFERENTES PROCESOS Y PROCEDIMIENTOS DE LA EMPRESA SOCIAL DEL ESTADO REGIÓN DE SALUD SOACHA DE ACUERDO AL REQUERIMIENTO INSTITUCIONAL.,REQUIERE_REVISION,0
CO1.PCCNTR.3659168,CONTRATAR LOS SERVICIOS ESPECIALIZADOS DE INTERMEDIACIÓN DE SEGUROS Y ASESORÍA INTEGRAL PARA LA FORMULACIÓN; IMPLEMENTACIÓN; MANEJO; ADMINISTRACIÓN; SEGUIMIENTO Y CONTROL DEL PROGRAMA DE SEGUROS; DESTINADOS A PROTEGER LAS PERSONAS; BIENES E INTERESES PATRIMONIALES DEL FONDO DE DESARROLLO LOCAL DE SA,SUFICIENTE,1
CO1.PCCNTR.9431278,PRESTACION DE SERVICIOS DE APOYO A LA GESTION OPERATIVA DE LOS PLANES DE SALUD PUBLICA Y GESTION DEL RIESGO; EQUIPOS BASICOS EN SALUD (EBS) DE LA RESOLUCION 711 DE 2025 DE LA ESE HOSPITAL DEPARTAMENTAL SAN RAFAEL DE FUNDACION MAGDALENA,SUFICIENTE,1
CO1.PCCNTR.1810481,REALIZAR EL MANTENIMIENTO DE LA INFRAESTRUCTURA LADO AIRE Y LADO TIERRA DEL AEROPUERTO SANTIAGO QUIROZ DE ARAUCA,SUFICIENTE,1
CO1.PCCNTR.1702327,SUMINISTRO E INSTALACIÓN DE RED DE GASES MEDICINALES Y SISTEMA DE RENOVACIÓN DE AIRE PARA LA E.S.E. HOSPITAL UNIVERSITARIO DE SINCELEJO.,SUFICIENTE,1
CO1.PCCNTR.7010395,Aunar esfuerzos técnicos; administrativos; presupuestales y financieros con la Junta de Acción Comunal de Vereda El Retiro para el mejoramiento y/o adecuación de vivienda rural en el marco del programa obras con capital social en el municipio de La Peña del departamento de Cundinamarca,SUFICIENTE,1
CO1.PCCNTR.7073575,PRESTACIÓN DE SERVICIOS DE APOYO LOGÍSTICO PARA EL DESARROLLO DE COMPETENCIAS; FESTIVALES DEPORTIVOS Y RECREATIVOS EN EL MARCO DEL PROYECTO DE INVERSIÓN FORTALECIMIENTO AL DEPORTE CON PROCESOS DE ESCUELAS DE FORMACIÓN DEPORTIVA Y HÁBITOS DE ESTILOS DE VIDA SALUDABLE EN EL MUNICIPIO DE RESTREPO; META,SUFICIENTE,1
CO1.PCCNTR.6492383,PRESTACIÓN DE SERVICIOS PROFESIONALES DE APOYO Y ACOMPAÑAMIENTO EN LA ATENCIÓN PSICOSOCIAL PARA EL FORTALECIMIENTO DE COMPETENCIAS SOCIOEMOCIONALES Y DE SALUD MENTAL DE LOS NIÑOS; NIÑAS Y ADOLESCENTES DE LAS INSTITUCIONES EDUCATIVAS OFICIALES DEL MUNICIPIO DE FUNZA.,SUFICIENTE,1
CO1.PCCNTR.233307,PRESTAR SERVICIOS DE APOYO A LA GESTION ADMINISTRATIVA COMO CONDUCTOR EN LA GOBERNACION DE SANTANDER; DENRO DEL MARCO DEL PROYECTO DE FORTALECIMIENTO INSTITUCIONAL A TRAVES DE SERVICIOS DE ASESORIA PROFESIONAL; DE APOYO A LA GESTION Y ASISTENCIA TECNICA PARA EL DEPARTAMENTO DE SANTANDER,SUFICIENTE,1
CO1.PCCNTR.8589892,PRESTACION DEL SERVICIO DE TRANSPORTE TERRESTRE ESPECIAL AUTOMOTOR DE PASAJEROS CON CONDUCTOR PÚBLICOS DE VALLECAUCANA DE AGUAS SA ESP; PARA EL DESARROLLO DEL CONTRATO INTERADMINISTRATIVO No 1.220.19.18-16707; FIRMADO CON LA SECRETARIA DEPARTAMENTAL DE SALUD DEL VALLE DEL CAUCA.,SUFICIENTE,1
CO1.PCCNTR.3190584,Prestar servicios profesionales en la realización de actividades financieras y contables que le sean asignadas aplicando la normatividad vigente en materia contable; de los procesos que adelante la entidad.,SUFICIENTE,1
CO1.PCCNTR.6069955,Aunar esfuerzos técnicos; administrativos y económicos y en consecuencia entregar en calidad de préstamo el bien inmueble identificado Punto Vive Digital La Pradera en el municipio de Dosquebradas; con el fin de instalar un Centro Operativo Municipal - COM para el desarrollo del Censo Económico Naci,SUFICIENTE,1
CO1.PCCNTR.6877932,PRESTACIÓN DE SERVICIOS PROFESIONALES A LA SECRETARIA DE PLANEACION Y OBRAS PÚBLICAS MUNICIPAL EN EL ACOMPAÑAMIENTO DE LAS OBRAS PÚBLICAS (EDUCATIVA; VIVIENDA Y ENTRE OTRAS) COMO LA ELABORACIÓN DE PRESUPUESTO E INFORMES; ACOMPAÑAMIENTO DE VISITAS Y DEMÁS ACTIVIDADES REQUERIDAS POR LA UNIDAD ADMINIS,SUFICIENTE,1
CO1.PCCNTR.6441477,LA PRESTACIÓN DE SERVICIOS DE APOYO A LA GESTIÓN COMO AUXILIAR DE ENFERMERIA QUE REQUIERE EL ÁREA DE FINANCIERA EN EL DISPENSARIO MÉDICO DE BUCARAMANGA.,REQUIERE_REVISION,0
CO1.PCCNTR.9270901,PRESTACION DE SERVICIOS DE APOYO A LA GESTION PARA LA RECOPILACION DE INFORMACION Y DIGITALIZACION EN BASES DE DATOS DE LOS ASUNTOS RELACIONADOS CON LA GESTION INTEGRAL DE AGUA Y DEMAS ACTIVIDADES DE LA SECRETARIA DE MEDIO AMBIENTE; RECURSOS NATURALES Y SOSTENIBILIDAD DE NORTE DE SANTANDER,SUFICIENTE,1
CO1.PCCNTR.8026545,DMC62 Contratar la prestación de servicios de apoyo a la gestión; supervisión y seguimiento de los contratos de puertas automáticas del sistema troncal de Transmilenio y sus correspondientes contratos de interventoría; suscritos por la Entidad.,SUFICIENTE,1
CO1.PCCNTR.5292218,Adquirir a título de compraventa 26 licencias Microsoft 365 Apps para computadores de escritorio y portátiles de la Secretaría Municipal de Salud con la posibilidad de que cada licencia sea utilizada hasta en 5 dispositivos de propiedad de la SMS.,SUFICIENTE,1
CO1.PCCNTR.3338522,Prestación de servicios profesionales como pianista; para apoyar los procesos de formación musical de las Instituciones Educativas Distritales vinculadas a la estrategia Canta Bogotá Canta que le sean asignadas.,SUFICIENTE,1
CO1.PCCNTR.2752067,Las partes aunarán esfuerzos con el proposito de promover espacios de capacitación a cuidadores y asesoria en construcción de centros de vida sensorial dentro del ámbito de sus competencias en cumplimiento de sus Funciones Constitucionales y legales en las lineas de acción propuestas,SUFICIENTE,1
CO1.PCCNTR.8315248,AUNAR ESFUERZOS TÉCNICOS; ADMINISTRATIVOS Y FINANCIEROS ENTRE EL MUNICIPIO DE CIUDAD BOLÍVAR Y LA JUNTA DE ACCIÓN COMUNAL VEREDA LA LINDA EL TRES PARA EL MEJORAMIENTO DEL CORREDOR VIAL TERCIARIO QUE CONDUCE A LA VEREDA LA LINDA; EN EL MUNICIPIO DE MUNICIPIO DE CIUDAD BOLÍVAR; ANTIOQUIA,SUFICIENTE,1
CO1.PCCNTR.7336009,43-003 Prestación de servicios profesionales al Grupo de Comunicaciones; estructurando y desarrollando conceptos creativos para productos audiovisuales; incluyendo la conceptualización; producción y posproducción. Es decir; apoyo en la generación de piezas documentales; crónicas y comerciales;,SUFICIENTE,1
CO1.PCCNTR.6640146,ATENCIÓN DE PUNTOS CRITICOS DE CORREDORES RURALES EN LOS RESGUARDOS QUE HACEN PARTE DEL CONSEJO REGIONAL INDÍGENA - CRIDEC - (ENMARCADO EN EL PROGRAMA COLOMBIA RURAL); EN EL DEPARTAMENTO DE CALDAS MUNICIPIO DE RIOSUCIO; DE LA COMUNIDAD INDIGENA: SAN LORENZO (LOTE 3),SUFICIENTE,1
CO1.PCCNTR.9737967,Prestar los Servicios profesionales en la Secretaria de Bienestar Social; dentro del proyecto denominado:Fortalecimiento a la atención integral de la población víctima del conflicto armado en la ciudad de Santiago de CaliBP26005436,REQUIERE_REVISION,0
CO1.PCCNTR.6809193,PRESTAR SERVICIOS PROFESIONALES PARA GARANTIZAR EL CUMPLIMIENTO DEL SISTEMA DISTRITAL DE PLANEACIÓN; EL FORTALECIMIENTO Y APOYO TÉCNICO A LAS INSTANCIAS DE PARTICIPACIÓN; ESPACIOS DE COORDINACIÓN INTERINSTITUCIONAL; ENTRE OTROS ESPACIOS QUE EXISTAN EN LA LOCALIDAD; QUE PROMUEVAN LA TERRITORIALIZACIÓ,SUFICIENTE,1
CO1.PCCNTR.3438050,PRESTACION DE SERVICIOS DE APOYO A LA GESTIÓN PARA GARANTIZAR EL FUNCIONAMIENTO DE LAS ESCUELAS DE FORMACIÓN COMO INSTRUCTOR DEL PROCESO TALLER DE MANUALIDADES DEL MUNICIPIO VILLA SAN DIEGO DE UBATÉ.,SUFICIENTE,1
CO1.PCCNTR.9588294,REALIZAR LA INTERVENTORÍA TÉCNICA; ADMINISTRATIVA; FINANCIERA; LEGAL Y SOCIO AMBIENTAL AL CONTRATO CUYO OBJETO ES: ELABORACIÓN DEL DICTAMEN PERICIAL Y/O ASESORÍA TÉCNICA EN CUMPLIMIENTO DE LA ORDEN JUDICIAL CONTENIDA EN EL AUTO DE FECHA 31 DE MARZO DE 2023; EMITIDO POR EL JUZGADO DOCE ADMINISTRATIV,SUFICIENTE,1
CO1.PCCNTR.7205753,CONTRATAR LOS SERVICIOS DE PROFESIONAL ESPECIALIZADO; COMO APOYO PARA GARANTIZAR UNA RESPUESTA OPORTUNA ANTE SITUACIONES DE EMERGENCIAS Y DESASTRES Y ACCIONES DE FORTALECIMIENTO DE LA RED DE URGENCIAS DEL DEPARTAMENTO DE ARAUCA.,SUFICIENTE,1
CO1.PCCNTR.3223858,Prestar servicios profesionales para apoyar a la UPRA en la orientación del desarrollo metodológico; operativo y analítico relacionado con la construcción; mantenimiento y actualización de estructuras de costos de producción agropecuarios; de acuerdo a los productos; zonas y lineamientos establecido,SUFICIENTE,1
CO1.PCCNTR.8410528,Prestación de servicios de apoyo a la gestión como monitor de la disciplina deportiva de balonmano para el fortalecimiento en los procesos de formación del municipio de Copacabana. Además; apoyar y acompañar a las diferentes actividades y/o eventos recreo-deportivos en que se solicite.,SUFICIENTE,1
CO1.PCCNTR.4119518,ARRENDAMIENTO DEL RESTAURANTE Y CAFETERÍA DE LA DIRECCIÓN DE INTELIGENCIA POLICIAL,SUFICIENTE,1
CO1.PCCNTR.1641844,ADQUISICIÓN DE EQUIPO Y UTENSILIOS PARA LA DOTACIÓN DEL RANCHO DE TROPA DEL GAORI,SUFICIENTE,1
CO1.PCCNTR.8236140,CONTRATO DE PRESTACIÓN DE SERVICIOS DE APOYO A LA GESTIÓN PARA APOYAR EN EL DESARROLLO DE ACTIVIDADES DE ENFERMERIA EN EL HOGAR DEL ANCIANO ARCESIO ARISTIZABAL GÓMEZ DEL MUNICIPIO DE LA TEBAIDA QUINDÍO,SUFICIENTE,1
CO1.PCCNTR.5632604,MANTENIMIENTO PREVENTIVO EQUIPO DE RAYOS X CONVENICONAL YDIGITALIZADOR DE IMAGENES DE LA ESE SAN ROQUE,SUFICIENTE,1
CO1.PCCNTR.5519121,PRESTACIÓN DE SERVICIOS DE APOYO A LA GESTIÓN EN TODAS LAS ACTIVIDADES DE TIPO OPERATIVO Y DE CONDUCCION; RELACIONADOS CON LA CONSTRUCCIÓN DE OBRA Y MANTENIMIENTO DE LA MALLA VIAL; APOYANDO LAS ACTIVIDADES EN LOS TALLERES DE LA SECRETARIA DE INFRAESTRUCTURA. EN EL MARCO DE LAS ACTIVIDADES DEL PROYEC,SUFICIENTE,1
CO1.PCCNTR.3230902,Prestar sus servicios como técnico de apoyo administrativo al Área de Gestión de Desarrollo Local en los procesos contractuales; de la Alcaldía local de Sumapaz,REQUIERE_REVISION,0
CO1.PCCNTR.4329801,Adquisición de repuestos para mantenimiento preventivo y correctivo de los equipos de lavandería,SUFICIENTE,1
CO1.PCCNTR.3661806,Compra de kit de hemodiálisis con el apoyo tecnológico requerido de conformidad al anexo técnico; garantizando el correcto funcionamiento de la Unidad Renal de la Subred Integrada de Servicios de Salud Sur Occidente E.S.E,SUFICIENTE,1
CO1.PCCNTR.9546100,REALIZAR EL MANTENIMIENTO Y MEJORAMIENTO DEL CERRAMIENTO Y ROCERIA DE LOS LOTES ADQUIRIDOS POR LA AEROCIVIL EN EL AEROPUERTO DE RIOHACHA.,SUFICIENTE,1
CO1.PCCNTR.8118939,Apoyar en la estructuración e implementación de los planes estadístico y de gestión; en el marco de la Estrategia de Gobierno y Monitoreo del Dato,SUFICIENTE,1
CO1.PCCNTR.3464001,PRESTAR SERVICIOS DE APOYO EN LA SECRETARIA DE SALUD Y AMBIENTE PARA EL FORTALECIMIENTO DE LAS ACCIONES DE TURISMO AMBIENTAL EN EL MUNICIPIO DE BUCARAMANGA,SUFICIENTE,1
CO1.PCCNTR.5976394,REALIZAR SOPORTE OPERATIVO EN LA PRESTACION DE LOS SERVICIOS EN LA ORIENTACION E INFORMACION PARA LA ATENCION INTEGRAL A LOS ADULTOS MAYORES EN ESTADO DE VULNERABILIDAD DEL CENTRO VIDA DE LA COMUNA II DEL MUNICIPIO DE YOPAL,SUFICIENTE,1
CO1.PCCNTR.796545,Prestar servicios de apoyo a la gestión al Instituto Distrital de las Artes-Idartes en actividades asociadas a la gestión territorial; en el proceso de seguimiento de la ejecución de los programas y proyectos asignados por parte de la línea estratégica Arte para la transformación social -ATS vigen,SUFICIENTE,1
CO1.PCCNTR.7560735,COMPRAVENTA DE HERRAMIENTAS; ELEMENTOS Y MAQUINARIA PARA EL DESARROLLO DE LAS PRÁCTICAS OBJETO DEL CONVENIO INTERADMINISTRATIVO 2025-0058 CELEBRADO CON EL MUNICIPIO DE FUSAGASUGÁ,SUFICIENTE,1
CO1.PCCNTR.6541753,REALIZACION DE SEÑALIZACIÓN Y DEMARCACIÓN VIAL EN EL MUNICIPIO DE SANTA FE DE ANTIOQUIA,SUFICIENTE,1
CO1.PCCNTR.6512690,PRESTAR LOS SERVICIOS PROFESIONALES COMO BIOINGENIERO PARA QUE APOYE LAS ACTIVIDADES DE MANTENIMIENTO PREVENTIVO Y CORRECTIVO DE LOS EQUIPOS MEDICOS DE LA E.S.E. HOSPITAL SAN CARLOS DE SALDAÑA TOLIMA.,SUFICIENTE,1
CO1.PCCNTR.3064304,PRESTACIÓN DE SERVICIOS MÉDICOS DE BAJA COMPLEJIDAD INCLUYE HOSPITALIZACIÓN; ATENCIÓN MEDICA; ODONTOLOGÍA; CONSULTA EXTERNA ESPECIALIZADA (GINECOLOGÍA Y OBSTETRICIA); ATENCIÓN DE URGENCIAS Y ATENCIONES INTEGRALES DERIVADAS; TRASLADO DE PACIENTES INTERMUNICIPALES EN VEHÍCULO AMBULANCIA TIPO TAB; CON,SUFICIENTE,1
CO1.PCCNTR.8748931,Prestación de servicios profesionales en ENFERMERIA en forma oportuna; eficiente y efectiva; bajo su propia responsabilidad y autonomía; de conformidad con las necesidades institucionales y según su propuesta con tiempos y actividades que pone a disposición de la entidad.,REQUIERE_REVISION,0
CO1.PCCNTR.7964053,Prestación de servicios de apoyo a la gestión logística; operativa y asistencial en el desarrollo de actividades de reparaciones menores del grupo de parques; plazas y paisajismo a cargo de la oficina de infraestructura de la entidad.,SUFICIENTE,1
CO1.PCCNTR.3861092,BRINDAR ATENCIÓN ESPECIALIZADA A LAS NIÑAS; LOS NIÑOS Y ADOLESCENTES QUE TIENEN UN PROCESO ADMINISTRATIVO DE RESTABLECIMIENTO DE DERECHOS; EN LA MODALIDAD INTERVENCION DE APOYO PSICOSOCIAL; DE ACUERDO CON LOS DOCUMENTOS TÉCNICOS VIGENTES EXPEDIDOS POR EL ICBF.,SUFICIENTE,1
CO1.PCCNTR.778174,PRESTAR SUS SERVICIOS PROFESIONALES DE MANERA PERSONAL Y AUTÓNOMA; EN SU CONDICIÓN DE TERAPEUTA RESPIRATORIA; PARA LA EJECUCIÓN DE ACTIVIDADES ASISTENCIALES ENY DEMAS ASIGNADAS EN LOS DIFERENTES SERVICIOS Y EN LAS UNIDADES QUE SE REQUIERA ; CONFORME A LAS NECESIDADES DE LA SUBRED INTEGRADA DE SERVIC,REQUIERE_REVISION,0
CO1.PCCNTR.795769,Prestar servicios de apoyo a la gestión del IDARTES- Subdirección administrativa y financiera en actividades de gestión documental relacionados con la radicación; clasificación; organización; foliación y descripción de los documentos del archivo de gestión y central de la entidad,SUFICIENTE,1
CO1.PCCNTR.2531171,AUNAR ESFUERZOS TÉCNICOS; ADMINISTRATIVOS Y FINANCIEROS ENTRE EL MINISTERIO DEL DEPORTE Y EL INSTITUTO DEPARTAMENTAL DE DEPORTES DEL CAUCA PARA EL DESARROLLO DE LOS PLANES Y PROGRAMAS DE LA DIRECCIÓN DE FOMENTO Y DESARROLLO.,REQUIERE_REVISION,0
CO1.PCCNTR.2708294,Prestar los servicios profesionales para realizar actividades de aprovechamiento y promoción de condiciones adecuadas que propicien el buen uso y la convivencia entre ciudadanos; usuarios y vecinos de los parques metropolitanos administrados por el IDRD.,SUFICIENTE,1
CO1.PCCNTR.5117312,PRESTACIÓN DE SERVICIOS PROFESIONALES ESPECIALIZADOS EN RADIOLOGÍA PARA ATENDER PACIENTES Y/O USUARIOS DE LA E.S.E HOSPITAL DEPARTAMENTAL UNIVERSITARIO DEL QUINDÍO SAN JUAN DE DIOS.,SUFICIENTE,1
CO1.PCCNTR.5238749,REALIZAR INTERVENTORÍA A LAS OBRAS DE MEJORAMIENTO PTAP LAS PALMAS - CORREGIMIENTO LA CASTILLA.,SUFICIENTE,1
CO1.PCCNTR.8698946,AUNAR ESFUERZOS PARA LA EJECUCIÓN DEL CONVENIO SOLIDARIO ENTRE EL MUNICIPIO DE SAN MIGUEL PUTUMAYO Y LA JUNTA DE ACCION COMUNAL DE LA VEREDA AFILADOR DEL MUNICIPIO DE SAN MIGUEL PARA EL MANTENIMIENTO DE CAMINOS VECINALES DE LA VEREDA AFILADOR EN EL MUNICIPIO DE SAN MIGUEL PUTUMAYO,SUFICIENTE,1
CO1.PCCNTR.4923795,Prestación de servicios profesionales en el área de articulación social del Instituto Popular de Cultura.,REQUIERE_REVISION,0
CO1.PCCNTR.1662835,COMPRAVENTA DE ELEMENTOS NECESARIOS PARA GARANTIZAR EL MANEJO ADECUADO DE LAS SUSTANCIAS QUÍMICAS Y RESIDUOS SÓLIDOS DEL ICBF REGIONAL PUTUMAYO Y SUS SEDES,SUFICIENTE,1
CO1.PCCNTR.108243,SUMINISTRO DE LIMITORQUES; REPUESTOS SOPLADORES DE BIOGÁS Y ACCESORIOS PARA EL SISTEMA DE SEGURIDAD DE LA LÍNEA BIOGÁS Y VALV,SUFICIENTE,1
CO1.PCCNTR.5961401,Prestar servicios profesionales con plena autonomía técnica y administrativa para acompañar de manera integral los planes de acompañamiento restaurativo e implementación de estrategias y acciones conforme a los lineamientos emitidos por la Entidad en el marco del proceso de Justicia Transicional par,SUFICIENTE,1
CO1.PCCNTR.3620105,La entidad ASOCIACION CENTRO DE BIENESTAR DEL ADULTO MAYOR LA MILAGROSA DE LOS BARRIOS NORORIENTALES DE BARRANCABERMEJA; se compromete con PROSPERIDAD SOCIAL a entregar a los beneficiarios del PROGRAMA COLOMBIA MAYOR que atiende; EL SUBSIDIO ECONOMICO INDIRECTO,SUFICIENTE,1
CO1.PCCNTR.1718427,CONTRATAR UN INTERMEDIARIO DE SEGUROS PARA QUE PRESTE A LA GOBERNACIÓN DEL PUTUMAYO SUS SERVICIOS DE ASESORÍA INTEGRAL PARA EL MANEJO DEL PROGRAMA DE SEGUROS REQUERIDO POR LA ENTIDAD; PARA AMPARAR SUS BIENES E INTERESES PATRIMONIALES Y AQUELLOS DE LOS QUE SEA LEGALMENTE RESPONSABLE.,SUFICIENTE,1
CO1.PCCNTR.3119716,Prestar servicios en las actividades relacionadas al soporte técnico; administrativo y de verificación; durante el desarrollo de las etapas del proceso productivo en el Grupo de Producción y Desarrollo Tecnológico.,SUFICIENTE,1
CO1.PCCNTR.9596790,Realizar actividades de mejoramiento vial en los ejes viales: San Andrés Calderas; El Lago Santa Lucia; el Tabor Pedregal municipio de Inza Cauca; vigencia 2026,SUFICIENTE,1
CO1.PCCNTR.8067825,SUMINISTRO DE MATERIALES DE CONSTRUCCIÓN PARA EL MEJORAMIENTO DE VÍAS RURALES DEL MUNICIPIO DE EL COLEGIO CUNDINAMARCA,SUFICIENTE,1
CO1.PCCNTR.8093644,Adquisición de certificados digitales,SUFICIENTE,1
CO1.PCCNTR.3318568,Prestación de servicios de apoyo a la gestión para pedagogía y promoción de los servicios del sistema MIO y demás necesidades de información; de acuerdo con las estrategias estructuradas por la Dirección Comercial y Servicio al Cliente de Metro Cali S.A. Acuerdo de Reestructuración; dentro de los pr,SUFICIENTE,1
CO1.PCCNTR.1254421,PRESTAR SEVICIOS PROFESIONALES Y DE APOYO A LA GESTIÓN ADMINISTRATIVA Y CONTRACTUAL PROPIA DE LA SECRETARÍA GENERAL Y SUS GRUPOS INTERNOS DE TRABAJO; ASÍ COMO EL APOYO A LA SUPERVISIÓN DE LOS CONTRATOS QUE LE SEAN ASIGNADOS,SUFICIENTE,1
CO1.PCCNTR.599163,PRESTACIÓN DE SERVICIOS PROFESIONALES PARA ASESORAR AL VICEMINISTERIO DE EDUCACIÓN PREESCOLAR; BÁSICA Y MEDIA EN EL SEGUIMIENTO; ANÁLISIS Y CONTROL DE LA EJECUCIÓN PRESUPUESTAL Y CONTRACTUAL.,SUFICIENTE,1
CO1.PCCNTR.9176570,Prestar servicios profesionales para el cumplimiento de los objetivos misionales y/o metas relacionadas con comunidades étnicas contenidos en los proyectos de inversión 2026; de conformidad con las funciones asignadas a la Dirección de Asuntos Étnicos,REQUIERE_REVISION,0
CO1.PCCNTR.8559006,LA CONTRATACIÓN DE UN AUXILIAR EN SERVICIOS FARMACÉUTICOS PARA BRINDAR APOYO A LA ESE CENTRO DE SALUD CON CAMA DE ARROYOHONDO EN LA REALIZACIÓN DE LAS ACTIVIDADES TÉCNICO-ASISTENCIALES DEL ÁREA DE FARMACIA.,SUFICIENTE,1
CO1.PCCNTR.6622680,ADQUISICIÓN DE JUEGOS DE MESA Y ELEMENTOS DEPORTIVOS PARA EL DEPARTAMENTO DE POLICÍA VICHADA,SUFICIENTE,1
CO1.PCCNTR.8746227,CONTRATAR LAS OBRAS DE MANTENIMIENTO E IMPERMEABILIZACIÓN DE LA INFRAESTRUCTURA UBICADA EN LA TERRAZA DE LA CUBIERTA DEL BLOQUE E DE LA SEDE PRINCIPAL DEL INSTITUTO TOLIMENSE DE FORMACIÓN TÉCNICA Y PROFESIONAL ITFIP,SUFICIENTE,1
CO1.PCCNTR.2068717,AUNAR ESFUERZOS TÉCNICOS Y FINANCIEROS ENTRE LA SECRETARIA DE SALUD DE CUNDINAMARCA Y LA EMPRESA SOCIAL DEL ESTADO HOSPITAL UNIVERSITARIO DE LA SAMARITANA Y/O SUS SEDES DEPENDIENTES; CON EL FIN DE CONTRIBUIR EN EL FORTALECIMIENTO; MEJORAMIENTO Y CUMPLIMIENTO PARA LA PRESTACIÓN DE SERVICIOS DE SALUD,SUFICIENTE,1
CO1.PCCNTR.5416337,CONTRATAR LA PRESTACIÓN DE SERVICIOS DE UN OPERADOR LOGÍSTICO PARA REALIZAR ACTIVIDADES LÚDICO PEDAGÓGICAS; CULTURALES Y ARTÍSTICAS A LOS ADULTOS MAYORES DEL CENTRO DÍA DE LA SECRETARIA DE DESARROLLO ECONÓMICO Y SOCIAL DEL MUNICIPIO DE GIRARDOT DANDO CUMPLIMIENTO A LO CORRESPONDIENTE DEL 70% DE LA E,SUFICIENTE,1
CO1.PCCNTR.5663702,SUMINISTRO DE ELEMENTOS PARA CAMPAÑAS DE SEGURIDAD Y EDUCACIÓN VIAL,SUFICIENTE,1
CO1.PCCNTR.3069214,ALQUILER DE VEHÍCULOS PARA REALIZAR LAS VISITAS DE CONTROL Y SEGUIMIENTO Y EJERCER AUTORIDAD AMBIENTAL,SUFICIENTE,1
CO1.PCCNTR.3504738,CONTRATAR LOS SERVICIOS DE PERSONAL PARA LA IMPLEMENTACION DEL PROYECTO PROMOVER UN TEJIDO SOCIAL AMGABLE Y CORRESPONSABLE CON LOS RECURSOS NATURALES EN EL AREA DE JURISDICCION DE LA CDMB. PARA EL MUNICIPIO DE SURATA (GESA- CA- GESTOR-05),SUFICIENTE,1
CO1.PCCNTR.651994,Publicación de pauta publicitaria en la revista Interactuando con la 9.,SUFICIENTE,1
CO1.PCCNTR.1000921,SUMINISTRO E INSTALACIÓN DE VIDRIOS CRUDOS; TEMPLADOS Y CARPINTERÍA EN ALUMINIO PARA EL MANTENIMIENTO DE LAS VIVIENDAS FISCALES DEL ICFE EN LA CIUDAD DE BOGOTÁ,SUFICIENTE,1
CO1.PCCNTR.295270,Contratar los servicios profesionales de capacitación en los eventos y congresos ofrecidos por la Asociación Bancaria y de Entidades Financieras de Colombia ASOBANCARIA ; para que asistan funcionario de la Superintendencia,SUFICIENTE,1
CO1.PCCNTR.7519332,PRESTAR SUS SERVICIOS PROFESIONALES APOYANDO LA GESTIÓN EN LA UNIDAD DE PRESUPUESTO DE LA DIRECCIÓN DE ADMINISTRACIÓN Y GESTIÓN FINANCIERA DE LA ALCALDÍA DISTRITAL DE BUENAVENTURA.,REQUIERE_REVISION,0
CO1.PCCNTR.2804842,ADQUISICIÓN DE MOBILIARIOS PARA LAS AULAS DE LA ESCUELA NAVAL DE SUBOFICIALES ARC BARRANQUILLA.,SUFICIENTE,1
CO1.PCCNTR.9606988,EL CONTRATISTA; en ejercicio de su autonomía e independencia; se obliga con EL CONTRATANTE a brindar asistencia para el desarrollo de la gestión contractual; operativa y jurídica de los equipos de FONDETEC; incluyendo el manejo de plataformas institucionales y transaccionales; así como de bases de d,SUFICIENTE,1
CO1.PCCNTR.5391021,AUNAR ESFUERZOS TÉCNICOS ADMINISTRATIVOS Y FINANCIEROS PARA LA REALIZACIÓN DEL MERCADO CULTURAL DEL EJE CAFETERO HILANDO SABERES EN SU VERSION 2023.,SUFICIENTE,1
CO1.PCCNTR.5396469,SUMINISTRO DE INSUMOS PARA EL SERVICIO DE TERAPIA RESPIRATORIA DEL HOSPITAL CENTRAL; CON DESTINO A LOS USUARIOS DEL SUBSISTEMA DE SALUD DE LA POLICÍA NACIONAL (GRUPO 5 ÍTEM 2),SUFICIENTE,1
CO1.PCCNTR.8249872,El objeto del presente contrato de comodato; es la entrega en comodato que hace El DEPARTAMENTO DE RISARALDA al COMODATARIO en calidad de comodato; y este recibe a dicho título el sótano del Edificio de Rentas Departamentales; ubicado en la calle 17 con carrera 10; y que comprende un área de 365,SUFICIENTE,1
CO1.PCCNTR.7714034,PRESTACIÓN DE SERVICIO DE ALIMENTACIÓN PARA LA FUERZA PUBLICA (EJERCITO Y POLICÍA); QUE APOYAN LAS ACTIVIDADES TENDIENTES A LA SEGURIDAD Y ORDEN PÚBLICO DEL MUNICIPIO DE SAN FRANCISCO.,SUFICIENTE,1
CO1.PCCNTR.261265,ADQUISICIÓN MISILES PARA NUEVAS NECESIDADES DE LA EMPRESA DE ACUEDUCTO DE BOGOTA,SUFICIENTE,1
CO1.PCCNTR.9724770,CONTRATAR UNA POLIZA DE RESPONSABILIDAD CIVIL PROFESIONAL MEDICA DE CLINICAS; HOSPITALES Y CENTROS MEDICOS; DERIVADA DE LA PRESTACION DE SERVICIOS DE SALUD POR PARTE DE LA E.S.E. BELLOSALUD; INCLUYENDO LA RESPONSABILIDAD CIVIL PROFESIONAL MEDICA Y LA RESPONSABILIDAD CIVIL GENERAL; DE CONFORMIDAD CON,SUFICIENTE,1
CO1.PCCNTR.5026480,AUNAR ESFUERZOS TÉCNICOS; ADMINISTRATIVOS Y FINANCIEROS PARA EL MEJORAMIENTO DE LA VÍA QUE COMUNICA DE LA VEREDA CONCUBITA A LA VEREDA SALITRE SECTOR LA REFORMA DEL MUNICIPIO DE SUTATAUSA DEL DEPARTAMENTO DE CUNDINAMARCA.,SUFICIENTE,1
CO1.PCCNTR.7022068,PRESTACIÓN DE SERVICIOS PROFESIONALES COMO ESPECIALISTA EN GERENCIA DE PROYECTOS PARA LA SECRETARÍA DE TURISMO; ORIENTADOS AL FORTALECIMIENTO DE LA CAMPAÑA DE PREVENCIÓN DE LA EXPLOTACIÓN SEXUAL; MEDIANTE LA FORMULACIÓN; EJECUCIÓN Y MONITOREO DE ESTRATEGIAS Y ACCIONES DE SENSIBILIZACIÓN Y CONTROL.,SUFICIENTE,1
CO1.PCCNTR.7575577,PRESTACION DE SERVICIOS DE APOYO TECNICO PARA LA PRESENTACION OFICIAL E INTERACCION EFICIENTE DE LOS PROCESOS DE COMUNICACIÓN INSTITUCIONAL A TRAVÉS DE CONTENIDO DINÁMICO; ATRACTIVO Y LA PLATAFORMA DE TIKTOK; CON EL FIN DE MANTENER INFORMADA A LA CIUDADANÍA SOBRE PROYECTOS; ACTIVIDADES Y EVENTOS DEL,SUFICIENTE,1
CO1.PCCNTR.6527249,CELEBRAR UN CONTRATO DE COMODATO ENTRE EL FONDO DE DESARROLLO LOCAL DE USME Y LA JUNTA DE ACCIÓN COMUNAL VEREDA EL OLARTE; PARA QUE EN CALIDAD DE COMODATARIO RECIBA EN PRÉSTAMO DE USO; BIENES MUEBLES DE PROPIEDAD ÚNICA DEL FDLU; PARA USO EXCLUSIVO DEL COMODATARIO,REQUIERE_REVISION,0
CO1.PCCNTR.4328406,GOB 308 CONTRATO DE COMODATO O PRESTAMOS DE BIENES MUEBLES A LA JUNTA DE ACCION COMUNAL DE LA VEREDA CHINA ALTA DEL COREREGIMIENTO TRECE DEL MUNICIPIO DE IBAGUE EN EL MARCO DEL PROYECTO FORTALECIMIENTO DE LA DEMOCRACIA; LA PARTICIPACION CIUDADANA Y LA LIBERTAD RELIGIOSA EN EL MUNICIPIO DE IBAGUE,SUFICIENTE,1
CO1.PCCNTR.9041645,PRESTACIÓN DE SERVICIOS PROFESIONALES DE UN INGENIERO INDUSTRIAL; PARA APOYAR EL GRUPO PERSONAL NO UNIFORMADO DE LA DIRECCIÓN DE TALENTO HUMANO.,REQUIERE_REVISION,0
CO1.PCCNTR.9132231,PRESTAR SERVICIOS PROFESIONALES A LA OFICINA DE ASEGURAMIENTO A LA CALIDAD PARA ADELANTAR LAS GESTIONES RELACIONADAS CON LOS TRÁMITES Y PROCEDIMIENTOS DE LICENCIAS DE FUNCIONAMIENTO E INSPECCIÓN VIGILANCIA Y CONTROL DESDE EL COMPONENTE DE INFRAESTRUCTURA PARA LA PRESTACIÓN DE LOS SERVICIOS DEL I,SUFICIENTE,1
CO1.PCCNTR.9163494,Aunar esfuerzos técnicos; administrativos y financieros entre la Superintendencia de Industria y Comercio y el Ministerio de Agricultura y Desarrollo Rural para viabilizar y operar el sistema integral de monitoreo; reporte y verificación (MRV) de la comercialización de los productos de las cadenas a,SUFICIENTE,1
CO1.PCCNTR.3959874,Aunar esfuerzos para contribuir al saneamiento hidrico rural del Municipio de san jeronimo- antioquia,SUFICIENTE,1
CO1.PCCNTR.3043723,AUNAR ESFUERZOS TÉCNICOS Y ECONÓMICOS ENTRE EL MUNICIPIO DE YARUMAL - ANTIOQUIA Y LA JUNTA DE ACCIÓN COMUNAL BARRIO LA INMACULADA N° 1 PARA LA EJECUCIÓN DE LAS ACTIVIDADES DE MANTENIMIENTO MANUAL DE VÍAS SEGÚN EL CONVENIO INTERADMINISTRATIVO N° 4600012745 FIRMADO ENTRE LA GOBERNACIÓN DE ANTIOQUIA Y,SUFICIENTE,1
CO1.PCCNTR.6005415,Prestación de servicios profesionales como abogado especializado; brindando acompañamiento en los diferentes procedimientos que adelanta la Dirección Técnica de Auditorias.,SUFICIENTE,1
CO1.PCCNTR.507822,Apoyar la Asistencia Técnica y la Extensión Agropecuaria en el Municipio de Pueblorrico,SUFICIENTE,1
CO1.PCCNTR.4287142,Aunar esfuerzos administrativos; técnicos; logísticos Y financieros entre el MUNICIPIO DE PASTO Y EL CABILDO DEL RESGUARDO INDIGENA QUILLASINGA REFUGIO DEL SOL; para la realización del proyecto PROCESO DE FORMACIÓN ARTISTICA; CULTURAL Y FOMENTO DE SABERES TRADICIONALES A TRAVÉS DE HERRAMIENTAS TECNO,SUFICIENTE,1
CO1.PCCNTR.1396134,CONVENIO INTERADMINISTRATIVO DE TRASLADO POR PERMUTA LIBREMENTE CONVENIDA ENTRE LOS DOCENTES SANDRA MILENA CHANAGA M Y MARTHA JANETH MENDOZA C; ENTRE EL DPTO DE SANTANDER Y EL MUNICIPIO DE BUCARAMANGA,SUFICIENTE,1
CO1.PCCNTR.8502965,AUNAR ESFUERZOS TÉCNICOS; FINANCIEROS; ADMINISTRATIVOS Y OPERATIVOS ENTRE LA GOBERNACIÓN DEL VICHADA Y UNA ENTIDAD SIN ANIMO DE LUCRO (ESAL) PARA LA REALIZACIÓN DE LA MESA PERMANENTE DE CONCERTACIÓN INTER INSTITUCIONAL DE LOS PUEBLOS INDÍGENAS EN EL MUNICIPIO DE CUMARIBO,SUFICIENTE,1
CO1.PCCNTR.8346624,INTERVENTORÍA TÉCNICA; ADMINISTRATIVA Y FINANCIERA A LOS ESTUDIOS Y DISEÑOS PARA LA CONSTRUCCIÓN Y REHABILITACIÓN DE PROYECTOS ESTRATÉGICOS EN LA MALLA VIAL DEL MUNICIPIO DE VILLAVICENCIO,SUFICIENTE,1
CO1.PCCNTR.5813930,Prestar los Servicios DE APOYO A LA GESTION por sus propios medios con plena autonomía técnica y administrativa; como Entrenador de ESGRIMA; para el desarrollo del proyecto estratégico denominado apoyo para la preparación y participación de los deportistas de rendimiento y alto rendimiento del Va,SUFICIENTE,1
CO1.PCCNTR.4950832,Prestación de servicios por su cuenta y riesgo; sin vínculo laboral para apoyar la gestión de la Mesa Digital de la Facultad de Producción y Diseño de la Institución Universitaria Pascual Bravo,REQUIERE_REVISION,0
CO1.PCCNTR.2479839,INSUMOS MANTENIMIENTO RECARGA EXTINTORES PORTATILES,SUFICIENTE,1
CO1.PCCNTR.9614501,PRESTACIÓN DE SERVICIOS COMO APOYO A LA GESTIÓN DE AUXILIAR DE FACTURACION EN EL CENTRO DE SALUD FUNES ESE CONTRATO No 2026000562-222,SUFICIENTE,1
CO1.PCCNTR.4544718,Prestación de servicios Profesionales de representación Judicial; control y seguimientos de los procesos judiciales en los que la entidad actúa como demandante o demandada y los demás que deba atender dentro del objeto contractual.,SUFICIENTE,1
CO1.PCCNTR.9573608,CONTRATAR LA CONSULTORÍA PARA LA ELABORACIÓN DE LOS ESTUDIOS Y DISEÑOS TÉCNICOS REQUERIDOS PARA LA CONSTRUCCIÓN DE UN AULA DE SISTEMAS DE LA INSTITUCIÓN EDUCATIVA NUESTRA SEÑORA DEL ROSARIO SEDE PRINCIPAL DEL MUNICIPIO DE CHAPARRAL TOLIMA BPIN 202600000001572 PIIP,SUFICIENTE,1
CO1.PCCNTR.6943511,CONTRATAR ADQUISICION DE ELEMENTOS DE ATENCION TRATAMIENTO REHABILITACION AL RECLUSO (ELEMENTOS DE ASEO; RECARGA EXTINTORES) PARA LA CARCEL PENITENCIARIA DE ALTA Y MEDIA SEGURIDAD DE MUJERES DE BOGOTA CPAMSM BOGOTA.,SUFICIENTE,1
CO1.PCCNTR.5079184,Prestación de servicios para el apoyo en la gestión en las actividades relacionadas con la expedición de Guías Sanitarias de Movilización Interna (GSMI); registro de información y atención de usuarios en la Seccional Putumayo.,SUFICIENTE,1
CO1.PCCNTR.1931917,Elaborar las Cuentas de Producción y Generación de Ingresos; el Cuadro Oferta Utilización (COU); la Matriz de Insumo Producto; la Matriz Simétrica y la Matriz de Trabajo; año 2018; para Bogotá; consistentes con la nueva Base del PIB; de conformidad con lo establecido en el pliego de condiciones del,SUFICIENTE,1
CO1.PCCNTR.3157002,COMPRAVENTA DE INSUMOS PARA LA PLAZA DE MERCADO DE FACATATIVÁ,REQUIERE_REVISION,0
CO1.PCCNTR.5102473,Aunar esfuerzos para la implementación y funcionamiento de un Punto de Atención de la Fiscalía General de la Nación (PAF); para la recepción de denuncias y orientación a la ciudadanía en las actividades propias de la Fiscalía General de la Nación; en el Municipio de Córdoba - Bolívar,SUFICIENTE,1
CO1.PCCNTR.5191166,ELABORACION DE ACCIONES HACIA EL REDISEÑO INSTITUCIONAL DE LA ALCALDIA DEL MUNICIPIO DE LOS PATIOS; NORTE DE SANTANDER,REQUIERE_REVISION,0
CO1.PCCNTR.9128449,PRESTAR SERVICIOS PERSONALES DE CARACTER TEMPORAL COMO INSTRUCTOR CONTRATISTA; IMPARTIENDO FORMACIÓN PROFESIONAL INTEGRAL EN PROGRAMAS TITULADOS Y/O COMPLEMENTARIOS EN MODALIDAD PRESENCIAL PARA LA ATENCION DE LA POBLACION VICTIMA PERTENECIENTES A LA RED TECNOLOGICA DE: TECNOLOGÍAS DE GESTIÓN ADMINIS,SUFICIENTE,1
CO1.PCCNTR.7258928,PRESTACION DE SERVICIOS PROFECIONALES COMO MEDICO GENERAL PARA LA EMPRESA SOCIAL DEL ESTADO DEL MUNICIPIO DE VILLAVICENCIO,REQUIERE_REVISION,0
CO1.PCCNTR.3732674,Contratar con una o varias compañías de seguros legalmente autorizadas para funcionar en el país; el programa de seguros requerido para la adecuada protección de los bienes e intereses patrimoniales del Ministerio de Relaciones Exteriores y su Fondo Rotatorio; así como de aquellos por los que sea o,SUFICIENTE,1
CO1.PCCNTR.6448318,CONTRATAR EN NOMBRE DE LA NACIÓN CONSEJO SUPERIOR DE LA JUDICATURA - DIRECCIÓN EJECUTIVA SECCIONAL DE ADMINISTRACIÓN JUDICIAL DE VALLEDUPAR; LA CONSULTORÍA DE ESTUDIOS TÉCNICOS Y DISEÑOS DEL PROYECTO DE INFRAESTRUCTURA ELÉCTRICA Y DE COMUNICACIONES DEL EDIFICIO ANTIGUO TELECOM; EN EL MUNICIPIO DE V,SUFICIENTE,1
CO1.PCCNTR.9366514,Mantenimiento preventivo y correctivo de equipos especializados de laboratorio clínico especializado (incluido accesorios) para el Hospital Regional Alfonso Jaramillo Salazar E.S.E,SUFICIENTE,1
CO1.PCCNTR.8429354,Prestar servicios profesionales en la Dirección de contratación; para la gestión de los procesos de selección; en las etapas de planeación; precontractual y contractual conforme a la normativa y lineamientos institucionales.,SUFICIENTE,1
CO1.PCCNTR.2236656,PRESTAR SERVICIOS DE ACUERDO A SU PERFIL ACADÉMICO PARA DESARROLLAR ACTIVIDADES (DE SU PROFESIÓN); CON DISPONIBILIDAD EN CUMPLIMIENTO DE LA MISIÓN Y LA VISIÓN DE LA SUBRED INTEGRADA DE SERVICIOS DE SALUD CENTRO ORIENTE E.S.E CONVENIO FDLSD-CIN-241-2020,REQUIERE_REVISION,0
CO1.PCCNTR.7563084,LA PRESTACIÓN DE SERVICIOS COMO AUXILIAR DE ENFERMERÍA QUE REQUIERE EL CENTRO DE REHABILITACIÓN HOSPITALARIA CRH,REQUIERE_REVISION,0
CO1.PCCNTR.6339183,REALIZAR CONVENIO INTERADMINISTRATIVO POR MEDIO DEL CUAL SE PERMITE EJECUTAR EL PROYECTO DERIVADO DEL PLAN PARA EL MANEJO EMPRESARIAL PARA LOS SERVICIOS DE AGUA Y SANEAMIENTO PDA QUE CONLLEVA A LA OPTIMIZACIÓN DE LAS REDES DE ALCANTARILLADO DE LA CARRERA 15 A LA 20 DEL BARRIO PUEBLO NUEVO EN LA ZONA,SUFICIENTE,1
CO1.PCCNTR.9334067,SUMINISTRO DE MEDICAMENTOS,SUFICIENTE,1
CO1.PCCNTR.7322703,PRESTACIÓN DE SERVICIOS PROFESIONALES; PARA APOYAR LA SUPERVISIÓN Y EL SEGUIMIENTO TÉCNICO; ADMINISTRATIVO; FINANCIERO Y CONTABLE A LOS CONTRATOS DE PRESTACIÓN DE SERVICIOS PERSONALES DE LA DIRECCION REGIONAL,SUFICIENTE,1
CO1.PCCNTR.4472810,ALQUILER DE ENTIBADOS EN EL MARCO DEL PROYECTO DE OPTIMIZACIÓN DE LA ERUDM,SUFICIENTE,1
CO1.PCCNTR.8472971,ENTREGAR EN CALIDAD DE COMODATO A LA FUNDACION OBRAS SOCIALES BETANIA; IDENTIFICADA CON NIT 890800975-8 EL BIEN INMUEBLE IDENTIFICADO CON MATRÌCULA 100-161575 QUE LES PERMITA DESARROLLAR EL PROYECTO DE ACOMPAÑAMIENTO SOCIAL AL BARRIO SAN SEBASTIAN MANIZALES- CALDAS EN LO RELACIONADO A LA OCUPACIÒN D,SUFICIENTE,1
CO1.PCCNTR.4289840,FORTALECIMIENTO DE LA INFRAESTRUCTURA CULTURAL A TRAVÉS DE LA ADECUACIÓN DE UN SALÓN DE DANZA DEL MUNICIPIO DE CISNEROS EN EJECUCION DEL CONVENIO INTERADMINISTRATIVO DE COOPERACION N° C.I 080-2022 FIRMADO CON EL INSTITUTO DE CULTURA Y PATRIMONIO DE ANTIOQUIA,SUFICIENTE,1
CO1.PCCNTR.2564743,El objeto del Acuerdo Marco es establecer: (i) las condiciones para la contratación del suministro de elementos de Material Pedagógico al amparo del Acuerdo Marco de Precios y la entrega de los mismos por parte de los Proveedores; (ii) las condiciones en las cuales las Entidades Compradoras se vincu,SUFICIENTE,1
CO1.PCCNTR.7396140,PRESTACIÓN DE SERVICIOS DE APOYO A LA GESTIÓN ADMINISTRATIVA Y/O ASISTENCIAL COMO AUXILIAR EN ENFERMERÍA DENTRO DE LA ESTRATEGIA DE ATENCIÓN DE LOS EQUIPOS BÁSICO DE SALUD (EBS) EN LA E.S.E. HOSPITAL SAN JUAN DE DIOS DE SEGOVIA ANTIOQUIA.,REQUIERE_REVISION,0
CO1.PCCNTR.625102,Realizar la auditoría y revisión total e integral de la información recibida por parte del mandatario de la extinta Fundación San Juan del Dios  Hospital San Juan de Dios e Instituto materno Infantil liquidados; que permitan al Ministerio realizar los pagos en cumplimiento de la Sentencia SU-484/08,SUFICIENTE,1
CO1.PCCNTR.9372629,SUMINISTRO; MANTENIMIENTO Y RECARGA DE LOS EXTINTORES PARA LAS UAS DE LA EMPRESA SOCIAL DEL ESTADO SURORIENTE E.S.E.,SUFICIENTE,1
CO1.PCCNTR.718175,Prestar servicios profesionales para el seguimiento de la ejecución del componente financiero del proyecto de fortalecimiento de las capacidades administrativas y de construcción de paz en el territorio nacional.,SUFICIENTE,1
CO1.PCCNTR.4445232,Prestar servicios de apoyo a la gestión en la Secretaría de Salud del Distrito Especial de Santiago de Cali - Programa Ampliado de inmunizaciones - PAI; a través de asistencia; soporte; seguimiento; desarrollo de actividades según requerimientos del programa; en cumplimiento del proyecto denominado:,REQUIERE_REVISION,0
CO1.PCCNTR.8432161,PRESTACIÓN DE SERVICIOS DE APOYO A LA GESTIÓN COMO AUXILIAR DE ENFERMERÍA PARA FORTALECER LAS ACCIONES COLECTIVAS DE PREVENCIÓN Y CONTROL DE LAS ETV Y VACUNACIÓN PARA FIEBRE AMARILLA; ENMARCADO DENTRO DEL PROYECTO IMPLEMENTACIÓN DE LA TECNOLOGIA EN SALUD DE PREVENCIÓN; MANEJO Y CONTROL INTEGRAL DE L,SUFICIENTE,1
CO1.PCCNTR.5016867,AUNAR ESFUERZOS TÉCNICOS; ADMINISTRATIVOS Y FINANCIEROS PARA EL MEJORAMIENTO DE LA VÍA QUE CONDUCE DE LA VEREDA CHOAPAL A LA VEREDA MIRALINDO SECTOR ALTO DEL BARRO DEL MUNICIPIO DE MEDINA; CUNDINAMARCA.,SUFICIENTE,1
CO1.PCCNTR.4685449,358-05-7677-PRESTAR LOS SERVICIOS DE APOYO A LA GESTIÓN EN ACTIVIDADES OPERATIVAS DE PLANTACIÓN; RECUPERACIÓN Y MANTENIMIENTO DE LAS COBERTURAS VEGETALES EN EL TERRITORIO O ZONA ASIGNADA POR LA SUBDIRECCIÓN TÉCNICA OPERATIVA,SUFICIENTE,1
CO1.PCCNTR.7108373,MEJORAMIENTO DE VÍA TERCIARIA EN PLACA HUELLA TIPO INVIAS Y ADECUACIÓN DE PUNTOS CRÍTICOS DE LA VEREDA GUICHIRE EN EL MARCO DEL CONVENIO NO. 3600022 DE 2024 SUSCRITO ENTRE EL MUNICIPIO DE TAURAMENA Y EL OLEODUCTO CENTRAL S.A.,SUFICIENTE,1
CO1.PCCNTR.7745160,PRESTAR SERVICIOS COMO PROMOTOR DE BIENESTAR ESTUDIANTIL EN EL MARCO DEL CONVENIO VIGENTE SUSCRITO ENTRE LA SECRETARIA DE EDUCACION DEL DISTRITO Y LA SUBRED INTEGRADA DE SERVICIOS DE SALUD SUR E.S.E,REQUIERE_REVISION,0
CO1.PCCNTR.7777722,ACUERDO PUBLICITARIO POR MEDIO DE UN ESPACIO EN EL AEROPUERTO GUILLERMO LEON VALENCIA DE LA CIUDAD DE POPAYAN PARA LA PROMOCION Y VENTA DE LOS PRODUCTOS DE LA INDUSTRIA LICORERA DEL CAUCA.,SUFICIENTE,1
CO1.PCCNTR.5837584,Prestar servicios profesionales para apoyar la gestión de Vigilancia y Control y demás actuaciones fiscales que realice la Dirección Sector Servicios Públicos; de la Contraloría de Bogotá D.C. En el marco del proyecto de inversión 7627; meta 7.,REQUIERE_REVISION,0
CO1.PCCNTR.9665920,PRESTACIÓN DE SERVICIOS PROFESIONALES DE ASESORÍA Y ACOMPAÑAMIENTO A LA SECRETARÍA JURÍDICA Y ASUNTOS CONTRACTUALES PARA LA FORMULACIÓN DEL MANUAL DE PROCESOS Y PROCEDIMIENTOS DEL MUNICIPIO DE COROZAL; DEPARTAMENTO DE SUCRE,SUFICIENTE,1
CO1.PCCNTR.6741265,ADQUISICIÓN DE PÓLIZAS DE SEGUROS MULTIRRIESGO QUE INCLUYE TODO RIESGO DAÑOS MATERIALES; RESPONSABILIDAD CIVIL EXTRACONTRACTUAL; MANEJO GLOBAL SECTOR OFICIAL; RESPONSABILIDAD CIVIL SERVIDORES PUBLICOS Y SEGURO DE VEHÍCULOS DE PROPIEDAD DEL INSTITUTO DE DEPORTE; LA EDUCACIÓN FÍSICA Y RECREACIÓN DEL V,SUFICIENTE,1
CO1.PCCNTR.8682286,Adquisición y/o renovación de licencias; suscripciones; actualización; soporte y garantía de los diferentes componentes de seguridad y networking de la SUPERSERVICIOS; de acuerdo con las especificaciones técnicas de la siguiente manera. Lote 5. Renovación de la suscripción herramienta de monitoreo,SUFICIENTE,1
CO1.PCCNTR.4215649,El ARRENDADOR se compromete a dar en arrendamiento a la ARRENDATARIA; el inmueble ubicado en Calle 5 No. 5-46 local 1 destinado para el funcionamiento de las oficinas de la Registraduría Municipal de San Eduardo en el departamento de BOYACA.,SUFICIENTE,1
CO1.PCCNTR.1736526,Aunar esfuerzos técnicos; administrativos; operativos y humanos entre PROSPERIDAD SOCIAL y la ENTIDAD TERRITORIAL; para lograr la implementación y ejecución de los Programas de la Dirección de Transferencias Monetarias Condicionadas en el MUNICIPIO SUAZA (HUILA),SUFICIENTE,1
CO1.PCCNTR.725814,CONTRATO DE ARRENDAMIENTO DE UN INMUEBLE PARA EL FUNCIONAMIENTO DE LA OFICINA DE CATASTRO,SUFICIENTE,1
CO1.PCCNTR.9582644,Suministro; recarga y mantenimiento de los extintores pertenecientes a la Delegación Departamental; Registradurias Especial y Auxiliar de Tunja y algunas Registradurias Municipales de Boyacá,SUFICIENTE,1
CO1.PCCNTR.7241013,PRESTAR SERVICIOS DE APOYO A LA GESTIÓN EN LA INSPECCIÓN DE POLICÍA DEL MUNICIPIO DE TIBASOSA BRINDANDO SOPORTE Y ACOMPAÑAMIENTO EN LOS PROCESOS Y PROCEDIMIENTOS POLICIVOS Y DEMÁS ACTUACIONES ADMINISTRATIVAS DE LA DEPENDENCIA,SUFICIENTE,1
CO1.PCCNTR.4971829,ADQUISICION DE KIT ALIMENTARIO Y NO ALIMENTARIO COMO ATENCIÒN HUMANITARIA INMEDIATA ENTREGADA A VICTIMAS DEL CONFLICTO ARMADO; QUE DECLARAN ANTE MINISTERIO PUBLICO DE CONFORMIDAD CON LO ESTABLECIDO EN LA LEY 1448 DE 2011,SUFICIENTE,1
CO1.PCCNTR.2727627,prestación de servicios de técnicos auxiliares para la implementación de la estrategia de fortalecimiento de los procesos de gestión de la salud pública para el programa de vigilancia en salud publica innovadora; en el proceso de sanidad portuaria en el marco de la emergencia sanitaria por covid-19,REQUIERE_REVISION,0
CO1.PCCNTR.8964717,PRESTAR SERVICIOS PROFESIONALES A LA REGIONAL SANTANDER PARA ORIENTAR EL DESARROLLO TéCNICO Y OPERATIVO DE LOS SERVICIOS EN EL MARCO DE LA MODALIDAD DE FORTALECIMIENTO FAMILIAR COMUNITARIO DE ACUERDO CON EL ENFOQUE DETERMINADO POR LA DIRECCIóN DE FAMILIAS Y COMUNIDADES.,SUFICIENTE,1
CO1.PCCNTR.7167220,ESTUDIOS Y DISEÑOS PARA CONSTRUIR COMEDORES ESCOLARES EN LAS SEDES EDUCATIVAS OFICIALES,SUFICIENTE,1
CO1.PCCNTR.9732441,CONTRATO DE PRESTACIÓN DE SERVICIOS PROFESIONALES ESPECIALIZADOS COMO APOYO A LA SECRETARÍA DE INFRAESTRUCTURA Y HÁBITAT EN LA GESTIÓN PREDIAL PARA PROYECTOS DE INFRAESTRUCTURA.,SUFICIENTE,1
CO1.PCCNTR.3416245,Contratar una prestación de servicios de manera independiente; sin subordinación jurídica ni vínculo laboral alguno con el INCIVA con el fin de ejecutar el proyecto: IMPLEMENTACIÓN DE ACCIONES DE EDUCACIÓN AMBIENTAL DENTRO DEL PROGRAMA DE GESTORES AMBIENTALES 2021-2023 VALLE DEL CAUCA; para desarro,SUFICIENTE,1
CO1.PCCNTR.1111510,ADQUISICIÓN DE UTENSILIOS DE CAFETERÍA; DE CONFORMIDAD CON LAS ESPECIFICACIONES TÉCNICAS DESCRITAS EN EL ANEXO TÉCNICO DEL PRESENTE ESTUDIO,SUFICIENTE,1
CO1.PCCNTR.9738001,Prestar servicios de apoyo a la gestión en la biblioteca de la Universidad del Atlántico; ejecutando los procesos de control; preservación; organización y catalogación de las colecciones impresas; orientación al usuario y control de servicios en las salas de lectura.,SUFICIENTE,1
CO1.PCCNTR.5853826,54_9119_059 Prestar los servicios profesionales como instructor técnico para el desarrollo de acciones de formación en el sector rural donde tiene incidencia del programa SENA Emprende Rural y atendiendo las instrucciones de la Dirección de Empleo y Trabajo - Coordinación Nacional de Emprendimiento.,SUFICIENTE,1
CO1.PCCNTR.8487737,COMPRA DE MEDICAMENTOS; SUPLEMENTOS Y ELEMENTOS DE USO VETERINARIO PARA EL FORTALECIMIENTO DE LOS PROGRAMAS Y PROYECTOS A CARGO DE LA SECRETARÍA AGROPECUARIA Y AMBIENTAL,SUFICIENTE,1
CO1.PCCNTR.6778306,PRESTACIÓN DE SERVICIOS PROFESIONALES DE UN ABOGADO PARA BRINDAR ASESORIA EN LA SECRETARIA DE PLANEACIÓN Y OBRAS PÚBLICAS DEL MUNICIPIO DE SAN JACINTO; BOLÍVAR.,SUFICIENTE,1
CO1.PCCNTR.904542,CONTRATO ARRENDAMIENTO DE CHIQUINQUIRA,REQUIERE_REVISION,0
CO1.PCCNTR.2950267,Prestar sus servicios profesionales a la Dirección de Acceso a Tierras como Profesional Jurídico Universitario 1 DAT para la atención de las líneas de intervención por demanda agregada y/o Procedimiento Único donde se está implementando POSPR; apoyando el desarrollo de las actividades jurídicas nece,SUFICIENTE,1
CO1.PCCNTR.4355258,PRESTACIÓN DE SERVICIOS COMO CONTRATISTA INDEPENDIENTE; SIN VÍNCULO LABORAL POR SU PROPIA CUENTA Y RIESGO PARA REALIZAR LA GESTIÓN COMO PROFESIONAL DE NUTRICIONISTA - DIETISTA EN EJECUCIÓN DEL CONTRATO INTERADMINISTRATIVO NO 4600092250 DE 2021; CELEBRADO ENTRE EL MUNICIPIO DE MEDELLÍN; UNIDAD ADMINI,REQUIERE_REVISION,0
CO1.PCCNTR.2088613,Aunar esfuerzos administrativos tecnicos y economicos entre el Departamento de Nariño y el Distrito de San Andres de Tumaco para la terminación de la obra de infraestructura en educacion Construcción I etapa de infraestructura para el mejoramiento de la formación académica investigativa y de proyecc,SUFICIENTE,1
CO1.PCCNTR.6991289,ADQUISICIÓN DE BONOS PARA ATENCIÓN A LA FUERZA DE VENTAS Y EJECUCIÓN PLAN DE MERCADEO SEGUNDO SEMESTRE AÑO 2024.,SUFICIENTE,1
CO1.PCCNTR.7464845,SUMINISTRO DE INSUMOS MEDICO QUIRÚRGICOS PARA EL HOSPITAL DEPARTAMENTAL SAN RAFAEL DE RISARALDA ESE.,SUFICIENTE,1
CO1.PCCNTR.7778829,REALIZAR LA INTERVENTORÍA INTEGRAL; LA CUAL EFECTUARÁ EL SEGUIMIENTO DE LOS ASPECTOS CONTRACTUALES; TÉCNICOS; ADMINISTRATIVOS; FINANCIEROS; SOCIALES Y AMBIENTALES AL CONTRATO DE OBRA CUYO OBJETO ES: CONSTRUCCIÓN CELDA DISPOSICIÓN FINAL RELLENO SANITARIO EL CAIRO; MUNICIPIO DE SAN JOSÉ DEL FRAGUA.,SUFICIENTE,1
CO1.PCCNTR.7198439,PRESTAR SERVICIOS PROFESIONALES EN MATERIA JURÍDICA PARA EL FORTALECIMIENTO DE LA GESTIÓN CONTRACTUAL A CARGO DE LA OFICINA ASESORA JURÍDICA QUE SE ADELANTA EN CUMPLIMIENTO DE LOS FINES MISIONALES DEL HOSPITAL DE AGUAZUL JUAN HERNANDO URREGO E.S.E,SUFICIENTE,1
CO1.PCCNTR.2485310,Prestación de servicios profesionales en los asuntos de carácter administrativo; financiero y contable;que requiera el Grupo Reconocimiento de Obligaciones Litigiosas de la Dirección de Asuntos Legales del Ministerio de Defensa Nacional en cumplimiento del Artículo 53; Plan Nacional de Desarrollo y,REQUIERE_REVISION,0
CO1.PCCNTR.9612751,POBREZA_2026_ENCV_BD_TH_MN_OT Prestar servicios de apoyo a la gestión para desarrollar actividades de seguimiento operativo; verificación y apoyo a los procesos de recolección de información de la Encuesta Nacional de Calidad de Vida - ENCV 2026 en cabeceras municipales y áreas rurales; conforme a l,SUFICIENTE,1
CO1.PCCNTR.5029569,DSC381 Prestar sus servicios de apoyo a la gestión al área de la Dirección Técnica de Seguridad en la ejecución de actividades operativas del plan estratégico antievasión en el Sistema y su área de influencia; en cumplimiento de las funciones de la Dirección,SUFICIENTE,1
CO1.PCCNTR.3909154,PRESTAR LOS SERVICIOS COMO PROFESIONAL EN ADMINISTRACION PUBLICA PARA APOYAR LOS PROCESOS QUE SE GENEREN EN LA SUBDIRECCION DE AUTORIDAD AMBIENTAL DE LA CORPORACIÓN AUTÓNOMA REGIONAL DE SANTANDER. CAS,REQUIERE_REVISION,0
CO1.PCCNTR.5896246,PRESTACION DE SERVICIOS PROFESIONALES ESPECIALIZADOS PARA EL DESARROLLO DE ACTIVIDADES EN LA SECRETARIA DE GOBIERNO Y POSTCONFLICTO DEL MUNICIPIO DE VILLAVICENCIO META,REQUIERE_REVISION,0
CO1.PCCNTR.5291137,PRESTACION DE SERVICIOS DE RECARGA Y MATENIMIENTO EXTINTORES PROPIEDAD DE LA E.S.E SAN JOSE.,SUFICIENTE,1
CO1.PCCNTR.2577971,CONTRATO DE PRESTACIÓN DE SERVICIOS PROFESIONALES ESPECIALIZADOS DE UN ABOGADO PARA LA DEFENSA JUDICIAL DEL DEPARTAMENTO DEL PUTUMAYO; Y BRINDAR APOYO A LA OFICINA JURIDICA EN LOS DIFERENTES PROCEDIMIENTOS QUE POR COMPETENCIA ADELANTA ESTA DEPENDENCIA,SUFICIENTE,1
CO1.PCCNTR.1275770,EL CONTRATISTA se obliga para con la Agencia Nacional de Infraestructura a prestar sus servicios profesionales como abogado especializado para brindar apoyo jurídico a los contratos de concesión de carreteras y/o aeropuertos y sus correspondientes interventorías; en el Grupo Interno de Trabajo de As,SUFICIENTE,1
CO1.PCCNTR.3633458,SUMINISTRO DE BEBIDAS NO ALCOHOLICAS PARA LA AGENCIA LOGISTICA DE LAS FUERZAS MILITARES; REGIONAL AMAZONIA,SUFICIENTE,1
CO1.PCCNTR.3271935,PRESTACIÓN DE SERVICIOS COMO ORIENTADOR PROFESIONAL DE DEPORTE FORMATIVO,REQUIERE_REVISION,0
CO1.PCCNTR.7556265,PRESTACION DE SERVICIOS PROFESIONALES PARA DESARROLLAR ACTIVIDADES RELACIONADAS CON EL FORTALECIMIENTO DE LOS PROCESOS JURIDICOS QUE SE ADELANTAN EN CONTROL Y RECUPERACIÓN DEL ESPACIO PÚBLICO POR OCUPACIÓN INDEBIDA EN EL MUNICIPIO DE PEREIRA,SUFICIENTE,1
CO1.PCCNTR.7389922,Prestar servicios personales como instructor para orientar formación profesional titulada y complementaria en el área de seguimiento de etapa practica de acuerdo con la programación establecida por la coordinación académica de Automatización del Centro Nacional Colombo Alemán; cumpliendo con lo esta,SUFICIENTE,1
CO1.PCCNTR.3016660,AUNAR ESFUERZOS PARA EL MEJORAMIENTO DE VIAS RURALES EN EL MUNICIPIO DE COMBITA DEPARTAMENTO DE BOYACÁ DEL PROGRAMA COLOMBIA RURAL-NACIONAL,SUFICIENTE,1
CO1.PCCNTR.9397701,Prestación de servicios profesionales en MEDICINA GENERAL,REQUIERE_REVISION,0
CO1.PCCNTR.6122840,AUNAR ESFUERZOS FINANCIEROS; ADMINISTRATIVOS Y TECNICOS PARA REALIZAR LOS ESTUDIOS; DISEÑOS TÉCNICOS Y DE INGENIERÍA DEL PROYECTO PARA LA AMPLIACIÓN REDES ELECTRICAS DEL MUNICIPIO DE BARAYA - DEPARTAMENTO DEL HUILA,SUFICIENTE,1
CO1.PCCNTR.5661136,Prestación de servicios profesionales de apoyo a la gestión en el área asistencial como MEDICO GENERAL.,REQUIERE_REVISION,0
CO1.PCCNTR.4408604,PRESTACION DE SERVICIOS DE UN VACUNADOR PARA LA EJECUCIÓN DEL PLAN NACIONAL DE VACUNACIÓN CONTRA EL COVID-19 EN EL MUNICIPIO DE MAHATES; BOLÍVAR,SUFICIENTE,1
CO1.PCCNTR.6309659,SE REQUIERE CONTRATAR LA PRESTACIÓN DE SERVICIOS DE APOYO A LA GESTIÓN; PARA FORTALECER DESDE SU PERFIL A LA SECRETARÍA DEPARTAMENTAL DE SALUD DEL VALLE Y DESARROLLAR ACTIVIDADES ENCAMINADAS A HACER CUMPLIR LAS COMPETENCIAS DE LA ENTIDAD TERRITORIAL; EN DESARROLLO DEL PROYECTO DENOMINADO FORTALECIMI,REQUIERE_REVISION,0
CO1.PCCNTR.6118520,Prestar servicios profesionales para la administración; control y seguimiento de los recursos físicos y la gestión logística de la Empresa,SUFICIENTE,1
CO1.PCCNTR.6610633,AUNAR ESFUERZOS ENTRE EL DEPARTAMENTO DE BOYACA Y LA ALIANZA SOCIETARIA Y DE DESARROLLO EMPRESARIAL DE BOYACA PARA EL FORTALECIMIENTO EN LA RED VIAL SECUNDARIA Y TERCIARIA POR MEDIO DEL MANTENIMIENTO PERIÓDICO Y RUTINARIO DE LA INFRAESTRUCTURA VIAL AÑO 2024; EN EL DEPARTAMENTO DE BOYACÁ,SUFICIENTE,1
CO1.PCCNTR.2546275,Prestación de servicios profesionales para la promoción y el posicionamiento de Cúcuta como destino Turístico a través de la implementación del servicio de puntos de información turística en el marco del proyecto Fortalecimiento Institucional del Sector Turismo del municipio de Cúcuta BPIN 2020540,SUFICIENTE,1
CO1.PCCNTR.7066123,2024C-623 PRESTACIÓN DE SERVICIOS PROFESIONALES COMO MEDICO PARA EL PROGRAMA DE SEM DE LA SECRETARIA DE SALUD DEL MUNICIPIO DE SAN JOSÉ DE CÚCUTA,REQUIERE_REVISION,0
CO1.PCCNTR.2670818,Prestación de servicios personales para realizar las ediciones; depuración; y consolidación de los productos cartográficos para los componentes geográficos del proceso de actualización catastral del municipio de Ricaurte-territorial Cundinamarca,SUFICIENTE,1
CO1.PCCNTR.3945983,PRESTAR LOS SERVICIOS PROFESIONALES DE APOYO EN LA CONSOLIDACIÓN DE PLANES DE MEJORA FRENTE A HALLAZGOS RESULTADOS DE LAS AUDITORÍAS REALIZADAS AL PROCESO DE GESTIÓN DE COBERTURA EDUCATIVA EN LAS INSTITUCIONES EDUCATIVAS OFICIALES DE LA ZONA 3,SUFICIENTE,1
CO1.PCCNTR.3018036,ADQUISICION DE DISPOSITIVOS INFORMATICOS PARA LA OFICINA DE PASAPORTES.,SUFICIENTE,1
CO1.PCCNTR.6395205,Aunar esfuerzos técnicos; administrativos; y financieros para el desarrollo de capacitaciones e incentivos requeridos para el fortalecimiento del sector turístico de Cali de conformidad con el proyecto de inversión BP2600472-Fortalecimiento a las competencias de los emprendimientos turísticos de San,SUFICIENTE,1
CO1.PCCNTR.4244363,AUNAR ESFUERZOS TÉCNICOS; ADMINISTRATIVOS Y FINANCIEROS PARA PRESTAR LA LOGÍSTICA QUE INCLUYE LA ALIMENTACIÓN; ALOJAMIENTO Y DEMAS SERVICIOS COMPLEMENTARIOS EN LA VILLA DEPORTIVA PARA LOS DEPORTISTAS PERTENECIENTES AL PROGRAMA DEPORTISTA APOYADO; CON MIRAS A LA PREPARACIÓN DE LOS XXII JUEGOS DEPORTI,SUFICIENTE,1
CO1.PCCNTR.6284403,Prestación de servicios TECNOLOGA AMBIENTAL,REQUIERE_REVISION,0
CO1.PCCNTR.5194793,ADQUISICION DE SEGURO TODO RIESGO PARA BUS DE TRANSPORTE ESCOLAR DEL MUNICIPIO DE LOS PATIOS.,SUFICIENTE,1
CO1.PCCNTR.7798534,PRESTACION DE SERVICIOS PROFESIONALES EN BACTERIOLOGIA PARA EL PROCESAMIENTO Y ANALISIS DE MUESTRAS DE SANGRE Y OTROS FLUIDOS CORPORALES A PACIENTES QUE REQUIERAN SERVICIOS DE LABORATORIO CLINICO EN LA E.S.E. HOSPITAL NUESTRA SEÑORA DEL CARMEN DE GUAMAL; MAGDALENA.,SUFICIENTE,1
CO1.PCCNTR.5458491,CONTRATO DE PRESTACIÓN DE SERVICIOS DE APOYO A LA GESTIÓN CON EL FIN DE FORTALECER LOS PROCESOS Y PROGRAMAS CULTURALES RELACIONADOS CON LA CASA DE LA CULTURA Y LA BIBLIOTECA PUBLICA MUNICIPAL,REQUIERE_REVISION,0
CO1.PCCNTR.6302182,PRESTACIÓN DE SERVICIOS DE APOYO A LA GESTIÓN EN LAS DIFERENTES ACTIVIDADES EN EL CENTRO INTEGRAL DE ATENCIÓN AL CIUDADANO EN LA SUBSECRETARÍA DE LA SECRETARÍA DE EDUCACIÓN,REQUIERE_REVISION,0
CO1.PCCNTR.6540640,Adquirir insumos prehospitalarios para la atención de emergencias,SUFICIENTE,1
CO1.PCCNTR.870423,Prestar el servicio de exámenes médicos periódicos para los trabajadores de la sede de Villa de Leyva del Instituto Alexander von Humboldt; conforme a las necesidades definidas por el supervisor de la presente orden; a las especificaciones y características señaladas en la misma; y a la propuesta pr,SUFICIENTE,1
CO1.PCCNTR.8378640,Prestar los servicios técnicos para apoyar la gestión policiva jurídica de la misionalidad de la Alcaldia Local de Sumapaz. 2327,REQUIERE_REVISION,0
CO1.PCCNTR.1253649,PRESTAR SERVICIOS PROFESIONALES EN LA SEDE DE LA DIRECCIÓN REGIONAL BOGOTÁ DEL ICBF; COMO PUBLICISTA; EN EL TRÁMITE DE LAS ACCIONES RELACIONADAS CON LAS ACTIVIDADES PROPIAS DEL GRUPO,REQUIERE_REVISION,0
CO1.PCCNTR.4630024,Prestar servicios profesionales de apoyo a la gestión por sus propios medios con plena autonomía técnica; administrativa y financiera para coordinar la gestión editorial e indexación de la Revista Colombiana de Antropología para la vigencia 2023.,SUFICIENTE,1
CO1.PCCNTR.3156804,El objeto: a) las condiciones para la adquisición de los elementos para la primera infancia y educación al amparo del Acuerdo Marco y el suministro de dichos bienes por parte de los Proveedores; b) las condiciones en las cuales las Entidades Compradoras se vinculan al Acuerdo Marco y adquieren los E,SUFICIENTE,1
CO1.PCCNTR.3518578,PRESTAR POR SUS PROPIOS MEDIOS Y AUTONOMÍA ADMINISTRATIVA LO SERVICIOS PROFESIONALES Y DE APOYO A LA GESTION DENTRO DEL PROYECTO DE FORTALECIMIENTO DE LOS PROCESOS DE PRESERVACIÓN DE LA SEGURIDAD LA CONVIVENCIA Y EL ORDEN PUBLICO EN EL MUNICIPIO DE YUMBO,REQUIERE_REVISION,0
CO1.PCCNTR.8096661,AO05-3202010-24-055 Contrato de suministro piezas de comunicación; promoción; divulgación en cumplimiento del pilar de gobernanza del plan conjunto de la sentencia que declara al PNN Los Nevados sujeto de derechos especiales; en el marco de la conservación de la diversidad biológica de las áreas pro,SUFICIENTE,1
CO1.PCCNTR.739565,CONTRATAR LA PRESTACION DE SERVICIOS PROFESIONALES DE UN ABOGADO PARA ADELANTAR LOS PROCESOS CONTRACTUALES DE LA ADMINISTRACION MUNICIPAL,SUFICIENTE,1
CO1.PCCNTR.8089914,PRESTACIÓN DE SERVICIOS PROFESIONALES COMO CONTADOR PARA REALIZAR EL APOYO AL PROYECTO DE FORTALECIMIENTO A LA PLANEACIÓN INSTITUCIONAL DE LA SECRETARÍA DE VIVIENDA Y HÁBITAT DE LA GOBERNACIÓN DEL VALLE DEL CAUCA,REQUIERE_REVISION,0
CO1.PCCNTR.8019124,Prestar los servicios de apoyo a la gestión en el marco del proyecto denominado: FORTALECIMIENTO INSTITUCIONAL PARA LA ATENCIÓN DE USUARIOS DE LA SECRETARIA DE MOVILIDAD según BP 26005474,REQUIERE_REVISION,0
CO1.PCCNTR.6751190,AUNAR ESFUERZOS Y APOYO MUTUO PARA REALIZACIÓN DE MEJORAMIENTO DEL SEGUNDO TRAMO DE LA CALLE 17 ENTRE CARRERA 28 Y CARRERA 29 DEL BARRIO PASTRANA DEL MUNICIPIO DE MAGANGUE,SUFICIENTE,1
CO1.PCCNTR.8830619,PRESTACION DE SERVICIOS PROFESIONALES PARA LA IMPLEMENTACION DE LOS PLANES EN EL MARCO DE LA LEY 1448 LEY DE VICTIMAS; DE LA SECRETARIA DE GOBIERNO DEL MUNICIPIO DE DOSQUEBRADAS,SUFICIENTE,1
CO1.PCCNTR.3772189,PRESTAR SERVICIOS PROFESIONALES PARA APOYAR EL TRAMITE DE LAS SOLITICITUDES DE CONTRATACION POR PRESTACION DE SERVICIOS PROFESIONALES Y DE APOYO A LA GESTION DE LAS AREAS MISIONALES Y DE APOYO DE LA SDIS; LOS TRAMITES DERIVADOS DE LOS MISMOS Y DE CONTRACION DIRECTA,SUFICIENTE,1
CO1.PCCNTR.7823438,Prestar servicios profesionales; en la planeación y ejecución de la formación; así como la evaluación de los resultados de aprendizaje definidos en los diseños curriculares asignados; para el desarrollo de habilidades y competencias técnicas de los programas de formación en las áreas temáticas de SI,SUFICIENTE,1
CO1.PCCNTR.2450736,5_281 CONTRATAR SERVICIOS DE PROMOCIÓN DE LA SALUD MENTAL Y PSIQUIATRÍA EN ATENCIÓN AMBULATORIA; ATENCIÓN DE EVENTOS PRIORITARIOS Y HOSPITALIZACIÓN PARA LOS BENEFICIARIOS DEL SERVICIO MÉDICO ASISTENCIAL DEL SENA REGIONAL ANTIOQUIA.,SUFICIENTE,1
CO1.PCCNTR.9289905,PRESTACIÓN DE SERVICIOS PROFESIONALES PARA EL APOYO A LA GESTIÓN EN EL FORTALECIMIENTO; ARTICULACIÓN Y SEGUIMIENTO DE LOS HECHOS REGIONALES; EN EL MARCO DE LA IMPLEMENTACIÓN Y DESARROLLO DEL PLAN ESTRATÉGICO REGIONAL 2024-2035,SUFICIENTE,1
CO1.PCCNTR.631512,Apoyar la implementación del enfoque diferencial establecido en el anexo étnico del Plan Nacional de Seguridad Alimentaria en los planes; programas; proyectos y estrategias priorizadas por la Subdirección de Salud Nutricional; Alimentos y Bebidas.,SUFICIENTE,1
CO1.PCCNTR.7957581,Aunar esfuerzos administrativos; técnicos y financieros entre el MUNICIPIO DE PASTO y JUNTA DE ACCIÓN COMUNAL DE LA VEREDA JURADO para la ejecución del mantenimiento rutinario de las vías rurales del Corregimiento de Santa Bárbara mediante el proyecto denominado camineros del municipio de Pasto. (S,SUFICIENTE,1
CO1.PCCNTR.9235185,PRESTACIÓN DE SERVICIOS PROFESIONALES DE ASESORIA EN MATERIA JURIDICA PARA EL FORTALECIMIENTO INSTITUCIONAL DE LA SECRETARIA DE PLANEACION Y OBRAS PÚBLICAS DEL MUNICIPIO DE SAN JACINTO; BOLIVAR.,SUFICIENTE,1
CO1.PCCNTR.2108117,ARRENDAMIENTO DE BIEN INMUEBLE UBICADO EN LA CALLE 20 N° 17 - 60 EN LA CIUDAD DE SINCELEJO PARA EL FUNCIONAMIENTO DE LAS OFICINAS DE LA DIRECCIÓN DE CULTURA,SUFICIENTE,1
CO1.PCCNTR.7895962,23100212799 Prestar servicios profesionales a la Dirección de Vigilancia; Inspección y Control y a la Subdirección de Vigilancia e Inspección para apoyar jurídicamente en los informes; verificaciones y requerimientos que se realicen; dentro de las funciones que ejerce la subdirección en los sectores,SUFICIENTE,1
CO1.PCCNTR.7188753,AUNAR ESFUERZOS TÉCNICOS Y ADMINISTRATIVOS PARA LA REALIZACIÓN DE UNA PRODUCCIÓN AUDIOVISUAL QUE LE CONCEDA A LA ARMADA NACIONAL LA VISIBILIZACIÓN; A NIVEL NACIONAL E INTERNACIONAL; DE SUS OPERACIONES Y SUS CAPACIDADES COMO FUERZA; PRODUCIDA POR BUENDIA STUDIOS SL EN LA REGIÓN PACÍFICA COLOMBIANA.,SUFICIENTE,1
CO1.PCCNTR.3928202,PRESTACIÓN DE SERVICIOS PROFESIONALES PARA EL ACOMPAÑAMIENTO Y DESARROLLO DEL PROGRAMA PRIMERA INFANCIA DEL DISTRITO ESPECIAL; INDUSTRIAL Y PORTUARIO DE BARRANQUILLA; EN EL MARCO DE LA ESTRATEGIA DE CERO A SIEMPRE,REQUIERE_REVISION,0
CO1.PCCNTR.2125954,Prestar apoyo a la Oficina Jurídica de la Agencia Nacional de Tierras en lo referente a la atención de trámites de naturaleza constitucional y legal; así como los demás inherentes a las funciones del área,SUFICIENTE,1
CO1.PCCNTR.4947912,El contratista de manera independiente; es decir; sin que exista subordinación de índole laboral; se obliga a prestar sus servicios profesionales para el Equipo de Seguridad Alimentaria del Distrito Especial de Ciencia; Tecnología e Innovación de Medellín; en el marco del contrato Interadministrativ,REQUIERE_REVISION,0
CO1.PCCNTR.5206804,Contratar la compra; instalación y puesta en funcionamiento de una plataforma elevadora para personas con movilidad reducida,SUFICIENTE,1
CO1.PCCNTR.9262758,La Agencia Nacional de Tierras (ANT) da en arrendamiento el predio denominadoLA CHAMPETUA; terreno insular de uno y otro mar; ubicado en el Archipiélago Nuestra Señora del Rosario; al arrendatario; para que; bajo su responsabilidad y autonomía; lo aproveche y lo explote conforme a los usos permiti,SUFICIENTE,1
CO1.PCCNTR.9272481,Contratar la prestación de servicios como Instructor de Formación Profesional Integral para el Servicio Nacional de Aprendizaje (SENA); con el fin de planear; ejecutar y evaluar actividades de enseñanza y aprendizaje en el marco de los programas de formación profesional titulada y complementaria del,SUFICIENTE,1
CO1.PCCNTR.186515,Apoyar técnicamente la Dirección de Medicamentos y Tecnologías en Salud en los procesos relacionados con la política de regulación de medicamentos y dispositivos médicos; articulados con la política de transparencia y acceso a la información,SUFICIENTE,1
CO1.PCCNTR.8312507,AUNAR ESFUERZOS ADMINISTRATIVOS; TECNICOS Y FINANCIEROS CON LA JUNTA DE ACCION COMUNAL DE CHORRILLOS PARA EL MANTENIMIENTO DE CAMINO DE HERRADURA EN EL SECTOR DE; CHORRILLOS; LOS MANGOS; LA VIZCAYA; LA CANDELA; LA MESETA; CLAVELLINO Y PUQUÍ DEL MUNICIPIO DE VALDIVIA ANTIOQUIA,SUFICIENTE,1
CO1.PCCNTR.6172072,PRESTACIÓN DE SERVICIO DE ARRENDAMIENTO DE UN ESPACIO EN LA ESTRUCTURA DE UNA TORRE Y CUARTO DE COMUNICACIONES PARA ALOJAR EQUIPOS DE COMUNICACIONES PROPIEDAD DE LA ARMADA NACIONAL-BRIGADA DE INFANTERÍA DE MARINA No.1; DE CONFORMIDAD CON LAS ESPECIFICACIONES TÉCNICAS DESCRITAS EN EL ANEXO TÉCNICO Y,SUFICIENTE,1
CO1.PCCNTR.1874105,Suministro de reactivos y elementos de laboratorio indispensables para realizar las actividades científicas y tecnológicas que garantizan el cumplimiento misional en el marco de los diferentes proyectos en salud pública.,SUFICIENTE,1
CO1.PCCNTR.6343056,PRESTACIÓN DE SERVICIOS PROFESIONALES DENTRO DEL PROYECTO DE FORTALECIMIENTO INSTITUCIONAL PARA UNA GESTIÓN PÚBLICA DE RESULTADOS EN LA GOBERNACIÓN DEL VALLE DEL CAUCA.,REQUIERE_REVISION,0
CO1.PCCNTR.2638304,REALIZAR LOS ESTUDIOS Y DISEÑOS DE UNA SUBESTACION ELECTRICA PARA EL SISTEMA MALSF EN LA CABECERA 16 DEL AEROPUERTO CAMILO DAZA Y UNA SUBESTACION ELECTRICA PARA EL AEROPUERTO SANTIAGO PEREZ QUIROZ DE ARAUCA,SUFICIENTE,1
CO1.PCCNTR.2576201,adquisición de elementos para el programa de cultura; recreación y deporte del EPMSC Támesis.,REQUIERE_REVISION,0
CO1.PCCNTR.9091403,INSTALACION DE SEÑALIZACION VIAL EN EL AREA URBANA DEL MUNICIPIO DE GARAGOA,SUFICIENTE,1
CO1.PCCNTR.1330952,Prestar servicios profesionales para apoyar los aspectos administrativos de las labores de monitoreo y seguimiento al plan de descongestión de las averiguaciones preliminares y procesos administrativos sancionatorios que adelanta el Ministerio,SUFICIENTE,1
CO1.PCCNTR.6877876,PRESTACION DE SERVICIOS DE APOYO COMO AUXILIAR ENFERMERIA DE ACUERDO AL CRONOGRAMAS DE ACTIVIDADES DE LA ESE HOSPITAL LOCAL DE CALAMAR,REQUIERE_REVISION,0
CO1.PCCNTR.6877636,PRESTAR LOS SERVICIOS PROFESIONALES COMO PSICOLOGO EN LA SECRETARÍA DE MUJER; EQUIDAD DE GÉNERO Y DIVERSIDAD SEXUAL DE LA GOBERNACIÓN DEL VALLE DEL CAUCA DENTRO DEL MARCO DEL PROYECTO DENOMINADO FORTALECIMIENTO DE LAS CONDICIONES DE EQUIDAD DE GÉNERO PARA EL ACCESO A LAS DIMENSIONES DEL DESARROLLO T,REQUIERE_REVISION,0
CO1.PCCNTR.2471508,GESTOR (A) COMUNITARIO,REQUIERE_REVISION,0
CO1.PCCNTR.4411123,Prestar sus servicios profesionales en la Unidad para las Víctimas en la Dirección de Reparación para desarrollar el proceso de verificación; construcción y envío de insumos para dar respuesta a derechos de petición; acciones de tutela; solicitudes de organismos de control; autos proferidos por las,SUFICIENTE,1
CO1.PCCNTR.3222157,Prestar servicios profesionales para responder por el aseguramiento de las actividades técnicas y operativas; relacionadas con la implementación; mantenimiento y mejora del sistema de gestión del Laboratorio de ensayos fisicoquímicos del Centro de Gestión Industrial; que garanticen la validez de los,SUFICIENTE,1
CO1.PCCNTR.8675022,PRESTAR SERVICIOS COMO TECNICO EN ENFERMERIA PARA REALIZAR ACTIVIDADES DE CANALIZACIÓN Y GESTIÓN INTEGRAL DEL RIESGO EN SALUD TALES COMO (DETECCIÓN TEMPRANA Y PROTECCIÓN ESPECIFICA) EN LA IPS HOSPITAL LOCAL DE VILLANUEVA. Y DEMAS IPS ADSCRITAS A RED SALUD CASANARE E.S.E.,SUFICIENTE,1
CO1.PCCNTR.6479484,PRESTACION DE SERVICIOS PROFESIONALES COMO MÉDICO Y CIRUJANO ESPECIALISTA EN GINECOLOGÍA Y OBSTETRICIA EN LA RED DE SALUD DEL ORIENTE E.S.E.,REQUIERE_REVISION,0
CO1.PCCNTR.9265359,El CONTRATISTA de manera autónoma e independiente se obliga a Prestar los servicios de apoyo profesional en la consolidación; mantenimiento; registró y monitoreo del Sistema de Gestión en Seguridad y Salud en el Trabajo SGSST y valoraciones medicas ocupacionales de INFIVALLE mediante un sistema de m,SUFICIENTE,1
CO1.PCCNTR.7217619,Prestar servicios profesionales especializados en los procesos jurídicos y administrativos de la Subdirección de Laboratorio de Salud Pública,REQUIERE_REVISION,0
CO1.PCCNTR.4439513,Instructor: Prestar Servicios Personales Carácter Temporal Para La Formación Profesional Integral; En FORMACION REGULAR TITULADA Y COMPLEMENTARIAPara el Programa Formación INTEGRACION DE OPERACIONES LOGISTICAS,SUFICIENTE,1
CO1.PCCNTR.4579836,Prestar sus servicios profesionales en la Unidad para la Atención y Reparación Integral a las Víctimas en la Dirección de Reparación para apoyar y gestionar el desarrollo logístico; así como; el seguimiento presupuestal de las actividades y jornadas relacionadas con implementación de las medidas de,SUFICIENTE,1
CO1.PCCNTR.8059199,PRESTACIÓN DE SERVICIOS PROFESIONALES DE ASESORÍA ESPECIALIZADA EN EL AREA COMERCIAL A LOS SERVICIOS DE ACUEDUCTO Y ALCANTARILLADO A CARGO DE LA EMPRESA DE SERVICIOS PÚBLICOS DE APULO EMPOAPULO SA ESP,SUFICIENTE,1
CO1.PCCNTR.8486842,pPRESTACION DE SERVICIOS PROFESIONALES COMO PSICOLOGA PARA LA EMPRESA SOCIAL DEL ESTADO DE VILLAVICENCIO EN EL MARCO DE EJECUCIÓN DEL CONTRATO INTERADMINISTRATIVO N° 3209 DEL PLAN DE INTERVENCIONES COLECTIVAS,REQUIERE_REVISION,0
CO1.PCCNTR.7847511,PRESTAR SERVICIOS TÉCNICOS COMO AUXILIAR DE ENFERMERÍA PARA LA EJECUCIÓN DE ACTIVIDADES INHERENTES A LA OPERACIÓN DE LA ESTRATEGIA DE ATENCIÓN PRIMARIA EN SALUD SEGÚN RESOLUCIÓN 1220 DE 2024 EXPEDIDA POR EL MSPS PARA EL MUNICIPIO DE GUADUAS EN EL AREA RURAL.,REQUIERE_REVISION,0
CO1.PCCNTR.2676514,LA ADQUISICIÓN; INSTALACIÓN Y CONFIGURACIÓN DE UN SITCH; UN VIDEO PROYECTOR Y UNA PANTALLA TELÓN DE PROYECCIÓN TIPO (TRIPODE-PORTATIL) PARA LA ASOCIACIÓN AEROPUERTO DEL CAFÉ,SUFICIENTE,1
CO1.PCCNTR.4354040,Arrendamiento De Un Bien Inmueble Para El Funcionamiento De La Oficina Local De Valencia.,SUFICIENTE,1
CO1.PCCNTR.2496116,Prestar el servicio de intermediación y asesoría para el manejo del programa de seguros del Departamento Administrativo del Servicio Civil Distrital; así como el acompañamiento necesario para la administración de los riesgos,SUFICIENTE,1
CO1.PCCNTR.9171985,PRESTACION DE SERVICIOS DE APOYO EN SANEAMIENTO BASICO Y MEJORAMIENTO AMBIENTAL AL SERVICIO DE LA SECRETARIA DE SERVICIOS PUBLICOS Y MEDIO AMBIENTE.,SUFICIENTE,1
CO1.PCCNTR.2093103,Prestar con plena autonomía técnica y administrativa sus servicios profesionales para realizar la gestión; validación y verificación de las actividades relacionadas con la implementación de la ruta de reintegración; la estrategia de corresponsabilidad y las acciones y escenarios locales relacionados,SUFICIENTE,1
CO1.PCCNTR.6033065,PRESTACIÓN DE SERVICIOS PROFESIONALES PARA BRINDAR APOYO A LA PERSONERÍA DISTRITAL DE BARRANQUILLA EN EL DESARROLLO DE LAS FUNCIONES Y COMPETENCIAS ASIGNADAS EN LA CONSTITUCIÓN; LA LEY Y EN TODAS AQUELLAS ACTIVIDADES NECESARIAS PARA EL CUMPLIMIENTO DE LOS FINES ESTATALES,REQUIERE_REVISION,0
CO1.PCCNTR.4971137,PRESTACIÓN DE SERVICIOS COMO AUXILIAR DE ENFERMERÍA PARA LA EJECUCIÓN DE ACTIVIDADES CONTEMPLADAS EN EL PLAN DE ACCIÓN DE SALUD PÚBLICA E INTERVENCIONES COLECTIVAS PIC 2023 DEL MUNICIPIO DE FOSCA CUNDINAMARCA CONVENIDAS EN EL CONTRATO INTERADMINISTRATIVO DENTRO DE LOS DIFERENTES PROCESOS Y PROCEDIMI,REQUIERE_REVISION,0
CO1.PCCNTR.7457867,PRESTAR LOS SERVICIOS DE APOYO A LA GESTION PARA REALIZAR LABORES RELACIONADAS CON LA LIMPIEZA; ASEO Y CUSTODIA DE LOS BIENES QUE SE ENCUENTRAN EN LA PLANTA FÍSICA DONDE FUNCIONA LA BIBLIOTECA MUNICIPAL DE SANTA ROSA - BOLIVAR,SUFICIENTE,1
CO1.PCCNTR.7178923,REALIZAR INTERVENTORÍA TÉCNICA; ADMINISTRATIVA; FINANCIERA; JURÍDICA; AMBIENTAL Y SOCIAL AL CONTRATO DE OBRA PUBLICA RESULTANTE DEL PROCESO DE LICITACION PUBLICA CUYO OBJETO ES: CONTRATAR MEDIANTE EL SISTEMA DE PRECIOS UNITARIOS FIJOS A MONTO AGOTABLE LAS OBRAS DE MANTENIMIENTO; ADECUACIÓN Y REPARA,SUFICIENTE,1
CO1.PCCNTR.4898367,las condiciones para la compra de los alimentos que componen los refrigerios del PAE por parte de la SED al amparo del IAD .las condiciones para la entrega de los alimentos que componen los refrigerios del PAE por parte de los Proveedores al amparo del Instrumento de Agregación de Demanda; en los si,SUFICIENTE,1
CO1.PCCNTR.5246011,SUMINISTRO DE ELEMENTOS DE ILUMINACIÓN (REFLECTORES; LÁMPARAS Y BOMBILLAS),SUFICIENTE,1
CO1.PCCNTR.3440462,PRESTACIÓN DE SERVICIOS DE APOYO A LA GESTIÓN PARA FORTALECER DESDE SU PERFIL AL PROYECTO FORTALECIMIENTO AL COMPONENTE PARA EL ASEGURAMIENTO Y PRESTACIÓN DE SERVICIOS DE SALUD EN EL MUNICIPIO DE CANDELARIA,REQUIERE_REVISION,0
CO1.PCCNTR.2692049,IMPLEMENTACIÓN DEL PLAN DE INTERVENCIONES COLECTIVAS DE SALUD PUBLICA EN EL MUNICIPIO DE PAMPLONA PARA LA VIGENCIA 2021; DE ACUERDO CON LA NORMATIVIDAD VIGENTE; LOS LINEAMIENTOS TÉCNICOS DEFINIDOS POR EL MINISTERIO DE SALUD Y PROTECCIÓN SOCIAL Y EN EL MARCO DE LA EMERGENCIA POR COVID - 19.,SUFICIENTE,1
CO1.PCCNTR.8757759,Prestación de Servicios Profesionales con Especialidad en Neurocirugía; para ejercer funciones en el ámbito del Hospital Regional Alfonso Jaramillo Salazar E.S.E.,REQUIERE_REVISION,0
CO1.PCCNTR.8459080,PRESTACIÓN DE SERVICIOS PROFESIONALES EN ENFERMERÍA EN EL MARCO DE LA ESTRATEGIA CAMAD PARA LA PROMOCIÓN DE LA SALUD MENTAL; LA PREVENCIÓN Y GESTIÓN DE RIESGOS DE PROBLEMAS Y TRASTORNOS MENTALES; CONSUMO DE SUSTANCIAS PSICOACTIVAS Y OTRAS COMORBILIDADES ASOCIADAS DE PERSONAS; FAMILIAS Y COMUNIDADES,REQUIERE_REVISION,0
CO1.PCCNTR.6829192,PRESTAR SERVICIOS PROFESIONALES EN LAS ACTIVIDADES DE VIGILANCIA Y CONTROL FISCAL PROGRAMADAS EN EL PLAN NACIONAL DE VIGILANCIA Y CONTROL FISCAL VIGENCIA 2024; DE LA CONTRALORIA DELEGADA PARA EL SECTOR SALUD.,SUFICIENTE,1
CO1.PCCNTR.330464,SERVICIOS DE APOYO A LA GESTION PARA LA ADMINISTRACION CONTROL; SEGUIMIENTO Y DIGITALIZACION DE LA CORRESPONDENCIA INTERNA Y EXTERNA QUE SE GENERE E INGRESE POR CUALQUIER MEDIO A LA SUPERINTENDENCIA DE LA ECONOMIA SOLIDARIA,SUFICIENTE,1
CO1.PCCNTR.6328551,El arrendamiento de un inmueble; para el funcionamiento de la Registraduria Municipal de Samana; Caldas.,SUFICIENTE,1
CO1.PCCNTR.9215204,PRESTACIÓN DE SERVICIOS PROFESIONALES EN LA DIVISIÓN DE IMPUESTOS DE LA SECRETARIA DE HACIENDA DISTRITAL; EN EL MARCO DEL PROYECTO DE INVERSION FORTALECIMIENTO DE LA GESTIÓN FISCAL Y FINANCIERA DEL DISTRITO DE CARTAGENA DE INDIAS,REQUIERE_REVISION,0
CO1.PCCNTR.4903596,SUMINISTRO DE ALIMENTACION BAJO LA FIGURA DE MONTO AGOTABLE PARA AQUELLAS ACTIVIDADES QUE REALIZAN EN EL MARCO DE LA DECLARATORIA DE ESTADO DE CALAMIDAD Y URGENCIA MANIFIESTA CON OCASION A LA POSIBLE ERUPCION DEL VOLCAN NEVADO DEL RUIZ PARA LAS ACCIONES DE MITIGACION DE RIESGO QUE SE DESARROLLAN EN,SUFICIENTE,1
CO1.PCCNTR.4525069,PRESTAR SERVICIOS DE APOYO A LA GESTIÓN EN EL MARCO DEL PROYECTOIMPLEMENTACIÓN DE MECANISMOS PARA LA PREVENCIÓN; PROMOCIÓN Y ATENCIÓN DE VIOLENCIAS BASADAS EN GÉNERO EN EL MUNICIPIO DE POPAYÁN 2023,REQUIERE_REVISION,0
CO1.PCCNTR.2078816,ADQUISICION DE MATERIALES DE FORMACIÓN PARA EL PROGRAMA DE TÉCNICO EN EBANISTERÍA Y FABRICACIÓN DE MUEBLES CONTEMPORÁNEOS Y MODERNOS DEL CENTRO DE TELEINFORMATICA Y PRODUCCION INDUSTRIAL DE LA REGIONAL CAUCA EN LA VIGENCIA 2020.,SUFICIENTE,1
CO1.PCCNTR.3486556,Constituir y regular un Fondo en Administración denominado FONDO EN ADMINISTRACIÓN ICETEX - ARN 2022; con los recursos girados por la ARN al ICETEX quien actuará como administrador - mandatario; destinados a financiar créditos educativos condonables y capacitación para los empleados de la Entidad; d,SUFICIENTE,1
CO1.PCCNTR.921907,suministro de combustible (gas propano) para el Centro Vacacional de Paipa,SUFICIENTE,1
CO1.PCCNTR.5229570,MOV01-CONTRATO DE OBRA A MONTO AGOTABLE PARA LA DEMARCACIÓN VIAL E INSTALACIÓN DE SEÑALES Y DISPOSITIVOS DE TRÁNSITO; EN LAS VÍAS Y PUNTOS CRÍTICOS DE LA CIUDAD DE IBAGUÉ.,SUFICIENTE,1
CO1.PCCNTR.8769781,El Contratista de manera independiente; es decir; sin que exista subordinación de índole laboral; se obliga a prestar sus servicios profesionales; en el proceso de Gestión de la seguridad y salud en el trabajo para apoyar los diferentes los procesos del campus universitario de la Institución y las d,REQUIERE_REVISION,0
CO1.PCCNTR.9547997,PRESTACIÓN DE SERVICIOS DE APOYO A LA GSTION COMO JEFE DE ENFERMERIA EN EL AREA DE URGENCIAS Y SEGURIDAD AL PACEINTE DE LA E.S.E. HOSPITAL LOCAL DE MALAMBO.,REQUIERE_REVISION,0
CO1.PCCNTR.458297,INTERVENTORÍA TÉCNICA; ADMINISTRATIVA; LEGAL; FINANCIERA; SOCIAL; AMBIENTAL Y DE SEGURIDAD Y SALUD EN EL TRABAJO PARA LAS OBRAS PENDIENTES POR EJECUTAR DURANTE LA ETAPA DE CONSTRUCCIÓN DEL CONTRATO DE OBRA IDU-136-2007. ADEMÁS; RECIBO FINAL DE LAS OBRAS; BALANCE FINANCIERO; TÉCNICO; Y DOCUMENTAL DEL,SUFICIENTE,1
CO1.PCCNTR.6382705,Convenio con la Liga de atletismo de Antioquia para contribuir al desarrollo del PROGRAMA DE ALTOS LOGROS Y LIDERAZGO DEPORTIVO para la preparación y participación en competencias deportivas de carácter nacional e internacional de los deportistas que conforman la selección Antioquia para juegos naci,SUFICIENTE,1
CO1.PCCNTR.2622849,REALIZAR EL MANTENIMIENTO DE LA PISTA DEL AEROPUERTO GERMÁN OLANO DE PUERTO CARREÑO,SUFICIENTE,1
CO1.PCCNTR.300636,PRESTACION DE SERVICIOS PROFESIONALES Y DE APOYO EN TEMAS TECNICO; FINANCIEROS; AMBIENTALES; JURIDICOS; LEGALES; Y ADMINISTRATIVOS PARA EL DESARROLLO DEL PROYECTO CONECTIVIDAD REGIONAL DEL INSTITUTO NACIONAL DE VIAS  SUBDIRECCION DE ESTUDIOS E INNOVACION,REQUIERE_REVISION,0
CO1.PCCNTR.9632180,Prestación de servicios profesionales para brindar acompañamiento técnico y metodológico en la formulación; planeación; ejecución de estrategias lúdico-recreativas desarrolladas en el marco del programa de ludotecas de Presupuesto Participativo del Índer de Envigado.,SUFICIENTE,1
CO1.PCCNTR.1438343,AUNAR ESFUERZOS TÉCNICOS ADMINISTRATIVOS FINANCIEROS Y JURÍDICOS PARA LLEVAR A CABO EN EL MUNICIPIO LA IMPLEMENTACIÓN DE LA NUEVA METODOLOGÍA DE FOCALIZACIÓN DEL SISTEMA DE IDENTIFICACIÓN DE LOS POTENCIALES BENEFICIARIOS DE LOS PROGRAMAS SOCIALES SISBEN IV DE CONFORMIDAD CON EL ESQUEMA DE APALANCAMI,SUFICIENTE,1
CO1.PCCNTR.6949962,PRESTAR SERVICIOS DE APOYO TÉCNICO A LA ALCALDÍA LOCAL DE BARRIOS UNIDOS EN LAS ACTIVIDADES RELACIONADAS CON LA GESTIÓN DEL RIESGO EN MATERIA DE PREVENCIÓN Y ATENCIÓN DE EMERGENCIAS; ASÍ COMO EN LA RESPUESTA OPERATIVA E INMEDIATA ANTE LA OCURRENCIA DE SITUACIONES ADVERSAS EN LA LOCALIDAD,SUFICIENTE,1
CO1.PCCNTR.4968724,Prestar servicios profesionales en el Departamento Administrativo de Planeación.,REQUIERE_REVISION,0
CO1.PCCNTR.9212128,PRESTAR SERVICIOS PROFESIONALES EN EL COMPONENTE AMBIENTAL PARA EL SEGUIMIENTO Y EVALUACIÓN DE LOS PLANES DE INTERVENCIÓN DESTINADOS AL MEJORAMIENTO INTEGRAL DEL HÁBITAT EN LOS TERRITORIOS PRIORIZADOS POR LA SECRETARÍA DISTRITAL DEL HÁBITAT.,SUFICIENTE,1
CO1.PCCNTR.4000310,PRESTACIÓN DE SERVICIOS PROFESIONALES COMO MÉDICO ESPECIALISTA EN ANESTESIOLOGÍA DE LA ESE,REQUIERE_REVISION,0
CO1.PCCNTR.3580555,PRESTACIÓN DEL SERVICIO DE TRATAMIENTO Y DISPOSICIÓN DE DESECHOS LÍQUIDOS Y SÓLIDOS CONTAMINADOS CON QUÍMICOS UTILIZADOS EN LAS ARTES GRÁFICAS; CON DESTINO A LA SECCIÓN DE PUBLICACIONES DEL EJÉRCITO NACIONAL; A EJECUTAR EN LA VIGENCIA 2022,SUFICIENTE,1
CO1.PCCNTR.7026981,Aunar recursos tecnicos; administrativos y financieros entre las partes para prestar el servicio Comedores Comunitarios a la poblacion focalizada por la SDIS; para contribuir a la mitigacion de la inseguridad alimentaria en el marco del Proyecto 7953 Generacion del bien-estar alimentario y nutricio,SUFICIENTE,1
CO1.PCCNTR.7016539,PRESTACION DE SERVICIOS COMO TRABAJADORA SOCIAL PARA LA OPERATVIDAD DE LOS DIFERENTE SPROGRAMAS QUE ATIENDE EL INSTITUTO DE ATENCION A LA FAMILIA,REQUIERE_REVISION,0
CO1.PCCNTR.3349659,ARRENDAMIENTO DE INMUEBLES PARA EL FUNCIONAMIENTO DE LAS INSTITUCIONES EDUCATIVAS DEL DISTRITO DE BARRANQUILLA,SUFICIENTE,1
CO1.PCCNTR.4054920,PRESTAR SERVICIOS PROFESIONALES DE APOYO PSICOLOGICO PARA PROMOVER EL DESARROLLO INTEGRAL DE LA PRIMERA INFANCIA EN LOS SERVICIOS DE CRECEMOS EN LA RURALIDAD Y ESPACIOS RURALES; EN EL MARCO DE LA ATENCION INTEGRAL Y EL SISTEMA DE CUIDADO,SUFICIENTE,1
CO1.PCCNTR.7007526,ADQUISICIÓN DE PÓLIZA DE SEGURO DE VIDA GRUPO PARA LOS EDILES DEL MUNICIPIO DE SINCELEJO.,SUFICIENTE,1
CO1.PCCNTR.9361005,PRESTACION DE SERVICIOS PROFESIONALES COMO ENFERMERO; PARA BRINDAR APOYO EN EL CUMPLIMIENTO DE ACTIVIDADES DEL CONTRATO INTERADMINISTRATIVO No. 4642-25 DEL PLAN DE INTERVENCIONES COLECTIVAS; SUSCRITO ENTRE EL DISTRITO DE BARRANCABERMEJA Y LA ESE BARRANCABERMEJA,REQUIERE_REVISION,0
CO1.PCCNTR.9629115,PRESTAR SERVICIOS TÉCNICOS COMO AUXILIAR DE ENFERMERÍA PARA LA EJECUCIÓN DE ACTIVIDADES INHERENTES A LA OPERACIÓN DE LA ESTRATEGIA DE ATENCIÓN PRIMARIA EN SALUD SEGÚN RESOLUCIÓN 1010 DE 2025; EXPEDIDA POR EL MINISTERIO DE SALUD Y PROTECCION SOCIAL PARA EL MUNICIPIO DE GUADUAS EN AREA URBANA,REQUIERE_REVISION,0
CO1.PCCNTR.7128916,Aunar esfuerzos técnicos administrativos y financieros para el mejoramiento de la vía que conduce de la vereda San Pedro a la vereda Laguna Verde en el sector Macondo Verde del municipio de Cachipay; Cundinamarca,SUFICIENTE,1
CO1.PCCNTR.7454611,SUMINISTRO DE COMBUSTIBLE PARA VEHÍCULOS; MAQUINARIA Y EQUIPOS DEL MUNICIPIO DE CHITA BOYACA,SUFICIENTE,1
CO1.PCCNTR.6347097,ADQUISICIÓN DE CHALECO DE EXTRACCIÓN VEHICULAR TIPO KENDRICK,SUFICIENTE,1
CO1.PCCNTR.3680274,ADQUISICIÓN DE UNA PLANTA ELÉCTRICA PARA LA POLICÍA METROPOLITANA DE NEIVA,SUFICIENTE,1
CO1.PCCNTR.1579040,Prestar servicios de respaldo y soporte al plan de recuperación de Desastres de la Entidad.,SUFICIENTE,1
CO1.PCCNTR.845524,Prestar servicios profesionales para programar y realizar acciones tendientes al uso de los espacios asignados y de acompañamiento pedagógico de las actividades del programa Recreación para la Infancia.,SUFICIENTE,1
CO1.PCCNTR.810202,Prestar los Servicios Profesionales como contador publico; para apoyar la ejecución del proyecto de inversión denominado APOYO A LA INSPECCION DE LAS ACTIVIDADES DE CONSTRUCCION Y/O ENAJENACIOIN DE INMUEBLES DESTINADOS A VIVIENDA EN EL MUNICIPIO DE SANTIAGO DE CALI - B.P.04-042571.,REQUIERE_REVISION,0
CO1.PCCNTR.400880,Adquirir mediante importación los siguientes estándares o patrones primarios de referencia USP monopolio del Estado: Estándar primario de referencia solución de clorhidrato de isómero Eritro de Metilfenidato ampolla x 0;5mL - CANTIDAD A ADQUIRIR (4) / Estándar primario de referencia de compuesto rel,SUFICIENTE,1
CO1.PCCNTR.4361246,(a) Las condiciones para la contratación de servicio de Transporte Terrestre Automotor Especial de Pasajeros al amparo del Acuerdo Marco; (b) Las condiciones bajo las cuales las cuales las Entidades Compradoras se vinculan al Acuerdo Marco y adquieren el servicio de Transporte Terrestre Automotor Es,SUFICIENTE,1
CO1.PCCNTR.6975830,Interventoría a las obras para el mantenimiento de puentes; pasos viales y obras complementarias,SUFICIENTE,1
CO1.PCCNTR.2672175,Prestación de servicios de apoyo a la gestión a la Secretaría de Medio Ambiente de Jamundí; para la medición e identificación del uso del suelo de los predios candidatos a ser parte del esquema de Pagos por Servicios Ambientales del municipio y apoyando la caracterización de las familias; en el marc,SUFICIENTE,1
CO1.PCCNTR.8727413,ADQUISICIÓN DE ELEMENTOS DE DOTACIÓN DESTINADOS AL FORTALECIMIENTO DE LOS PROGRAMAS DE FORMACIÓN ARTÍSTICA; ACTIVIDADES BIBLIOTECARIAS Y ESCENARIOS CULTURALES. Lote 1: Adquirir instrumentos; accesorios y materiales pedagógicos y artísticos para fortalecer los procesos de formación en las escuelas y,SUFICIENTE,1
CO1.PCCNTR.8335886,ARRENDAMIENTO DEL SALON BARRANQUERO SECCION 1 Y 2; DEL CENTRO CULTURAL METROPOLITANO DE CONVENCIONES DEL DEPARTAMENTO DEL QUINDÍO; PARA EL EVENTO DENOMINADO FIESTA SALSERA AMOR Y AMISTAD,SUFICIENTE,1
CO1.PCCNTR.8228338,ALQUILER DE IMPRESORAS PARA EL INSTITUTO DE VALORIZACION DE MANIZALES INVAMA,SUFICIENTE,1
CO1.PCCNTR.4181453,ALQUILER DE UN BIEN INMUEBLE DENOMINADO ESTADIO MUNICIPAL FERNANDO MAZUERA VILLEGAS DEL MUNICIPIO DE FUSAGASUGÁ.,SUFICIENTE,1
CO1.PCCNTR.7513978,Desarrollar acciones de formación integral; en el área de agroindustria; en las diferentes competencias establecidas en la formación virtual complementaria y/o presencial en el centro de formación Agroempresarial y Minero.,SUFICIENTE,1
CO1.PCCNTR.1590864,PRESTAR SERVICIOS PROFESIONALES PARA APOYAR DESDE LAS ARTES LITERARIAS Y VISUALES EL DISEÑO Y PUESTA EN MARCHA DE ESTRATEGIAS DE FORMACIÓN Y LA REALIZACIÓN DE INTERVENCIONES SIMBÓLICAS CON ENFOQUE PEDAGÓGICO Y DE JUSTICIA RESTAURATIVA CON LAS POBLACIONES QUE LE SEAN ASIGNADAS POR LA DIRECCIÓN DE RES,SUFICIENTE,1
CO1.PCCNTR.9684306,PRESTACIÓN DE SERVICIOS PROFESIONALES JURÍDICOS PARA FORTALECER LAS ACTIVIDADES DE LA ALCALDIA MUNICIPAL DE VILLA DEL ROSARIO; NORTE DE SANTANDER,REQUIERE_REVISION,0
CO1.PCCNTR.977024,ADQUIRIR EQUIPOS PARA LOS PROYECTOS PRODUCTIVOS AGROPECUARIOS E INDUSTRIALES DEL ESTABLECIMIENTO PENITENCIARIO DE MEDIANA SEGURIDAD Y CARCELARIO DE NEIVA,SUFICIENTE,1
CO1.PCCNTR.4238588,COMPRA DE COLCHONETAS PARA CAMILLAS COLCHONES PEDRIATICOS Y COLCHON PARA CAMA HOSPITALARIA DE LA ESE,SUFICIENTE,1
CO1.PCCNTR.9280591,PRESTACIÓN DE SERVICIOS PROFESIONALES PARA EL FORTALECIMIENTO Y COORDINACIÓN DE LAS ESCUELAS DE FORMACIÓN DEPORTIVAS DE FUTBOL Y FUTBOL DE SALON EN EL MUNICIPIO DE BRICEÑO - BOYACA.,SUFICIENTE,1
CO1.PCCNTR.8690481,SUMINISTRO DE ALIMENTOS Y BEBIDAS PARA LOS DIFERENTES EVENTOS EN DONDE PARTICIPE LA UNIDAD ADMINISTRATIVA ESPECIAL DE LA GESTIÓN DEL RIESGO DEL DEPARTAMENTO DE CUNDINAMARCA EN EL MARCO DE SU MISIONALIDAD.,SUFICIENTE,1
CO1.PCCNTR.4471532,Prestación de servicios profesionales a la Agencia de Desarrollo Rural para crear; ejecutar y gestionar estrategias de comunicación y prensa sobre los proyectos; planes y programas que adelante la Agencia de Desarrollo Rural tanto en la sede central como en las Unidades Técnicas Territoriales.,SUFICIENTE,1
CO1.PCCNTR.6796150,EJECUCIÓN DE UN PROYECTO DE IMPACTO SOCIAL LOCAL PARA LA ATENCIÓN INTEGRAL DE LOS ADULTOS MAYORES EN EL MUNICIPIO DE SANTA ROSA BOLÍVAR EN LA VIGENCIA 2024; ORIENTADO A LA IMPLEMENTACIÓN DE LAS ACCIONES CONTEMPLADAS EN LAS LEYES 687 DE 2001 Y 1276 DE 2009,SUFICIENTE,1
CO1.PCCNTR.5118017,PRESTAR SERVICIOS PROFESIONALES DE APOYO EN EL CONTROL FINANCIERO Y PRESUPUESTAL DE LA SECRETARIA DE DEPORTE EN EJECUCION DEL PROYECTO DENOMINADO DESARROLLO DEL PROGRAMA POPAYÁN DEPORTIVA EN EL MUNICIPIO DE POPAYÁN CAUCA,SUFICIENTE,1
CO1.PCCNTR.8281670,AUNAR ESFUERZOS TÉCNICOS; ADMINISTRATIVOS; FINANCIEROS Y HUMANOS PARA DESARROLLAR PROGRAMAS DE FORMACIÓN PARA EL FORTALECIMIENTO TÉCNICO Y ESPECIALIZADO DE OFICIOS TURÍSTICOS Y GASTRONÓMICOS; EN EL MARCO DEL PROYECTO FORTALECIMIENTO Y FORMALIZACIÓN DE LA CADENA TURÍSTICA A TRAVÉS DE LA INNOVACIÓN Y,SUFICIENTE,1
CO1.PCCNTR.6368352,PRESTACIÓN DE SERVICIOS PROFESIONALES EN LA SECRETARIA DE COMPETITIVIDAD Y PRODUCTIVIDAD DEL DEPARTAMENTO DE SANTANDER DENTRO DEL MARCO DEL PROYECTO SERVICIO DE ASESORÍA PROFESIONAL DE APOYO A LA GESTIÓN Y ASISTENCIA TÉCNICA PARA EL FORTALECIMIENTO INSTITUCIONAL EN EL DEPARTAMENTO DE SANTANDER,REQUIERE_REVISION,0
CO1.PCCNTR.1641715,ADMINISTRACIÓN VIAL CARRETERAS NACIONALES A CARGO INVIAS; DTNSA VÍA CODIGOS: 7009 SARDINATA - ASTILLEROS 5507 CUCUTA - PUERTO SANTANDER 55NSA ANILLO VIAL OCCIDENTAL CÚCUTA 5505 PRESIDENTE - PAMPLONA 7010 CUCUTA - PTE INTERNACIONAL.,SUFICIENTE,1
CO1.PCCNTR.6383161,PRESTACIÓN DE SERVICIOS PROFESIONALES PARA REALIZAR ACTIVIDADES DE EMPODERAMIENTO; TRANSFORMACIÓN DIGITAL; PLAN ESTRATEGICO DE TECNOLOGIAS DE LA INFORMACIÓN Y LAS COMUNICACIONES (PETI) Y APOYO EN LAS NUEVAS ESTRATEGIAS A CARGO DE LA OFICINA DE LAS TIC Y TRANSFORMACIÓN DIGITAL DEL MUNICIPIO DE FUSAGA,SUFICIENTE,1
CO1.PCCNTR.8035998,SUMINISTRO DE RACIONES ALIMENTARIAS POR MONTO AGOTABLE A PERSONAS PRIVADAS DE LA LIBERTAD EN CENTROS DE DETENCION TRANSITORIA CONFORME A LOS LINEAMIENTOS DE LA LEY 2346 DE 2024; PARA EL MUNICPIO DE TUTA,SUFICIENTE,1
CO1.PCCNTR.290425,Prestación de servicios profesionales a la Subdirección de Acceso a Tierras por Demanda y Descongestión de la Dirección de Acceso a Tierras para brindar apoyo técnico en territorio; en la elaboración y realización de levantamientos topográficos; replanteos e inspecciones oculares; cruces de capas de,SUFICIENTE,1
CO1.PCCNTR.1743548,Prestar servicios de apoyo a la divulgación; organización; monitoreo y evaluacion de los servicios institucionales para el sector empresarial y social en el centro de formacion,SUFICIENTE,1
CO1.PCCNTR.1630730,El objeto del Acuerdo Marco es establecer: (a) las condiciones para la adquisición de Vehículos con Mantenimiento Preventivo; Adecuaciones Básicas; Adecuaciones Especiales y Accesorios al amparo del Acuerdo Marco de Precios; (b) las condiciones en las cuales las Entidades Compradoras se vinculan al,SUFICIENTE,1
CO1.PCCNTR.3406448,PRESTAR LOS SERVICIOS PROFESIONALES DE APOYO A LA GESTIÓN DE LA SUBDIRECCIÓN DE EDUCACIÓN AMBIENTAL Y PARTICIPACIÓN CIUDADANA; PARA EL FORTALECIMIENTO O IDENTICACION DE LIDERES AMBIENTALES COMUNITARIOS EN EL DEPARTAMENTO DEL MAGDALENA,SUFICIENTE,1
CO1.PCCNTR.2836916,Prestar los servicios profesionales de carácter temporal como instructor; para la gestión del desarrollo curricular y la ejecución de acciones de formación titulada; complementaria y virtual en la red Logistica y Gestión de la Producción - Area tematica: Seguridad y Salud en el Trabajo -Trabajo,SUFICIENTE,1
CO1.PCCNTR.1883544,Prestar los servicios de exámenes Médicos de ingreso; periódicos y de retiro de los funcionarios y contratistas del ministerio del deporte; de conformidad con la normatividad vigente,SUFICIENTE,1
CO1.PCCNTR.6239887,PRESTACION DE SERVICIOS PROFESIONALES A LA DIRECCIÓN FINANCIERA,REQUIERE_REVISION,0
CO1.PCCNTR.8787360,Prestar por sus propios medios; con plena autonomía técnica administrativa y financiera los servicios profesionales jurídicos para elaborar; revisar y/o adelantar actividades relacionadas con documentos jurídicos; actos administrativos y gestión jurídica de competencia de la Gerencia Jurídica.,SUFICIENTE,1
CO1.PCCNTR.3753453,SUMINISTRO DE PAPELERÍA; ÚTILES DE ESCRITORIO Y OFICINA PARA LA ESCUELA DE AVIACIÓN POLICIAL,SUFICIENTE,1
CO1.PCCNTR.7026857,ALQUILER; INSTALACION; MANTENIMIENTO; PUESTA EN FUNCIONAMIENTO Y DESMONTE DE MOTIVOS NAVIDEÑOS PARA LA ILUMINACIÓN DEL MUNICIPIO DE SANTA ROSA DE CABAL EN LA TEMPORADA NAVIDEÑA 2024.,SUFICIENTE,1
CO1.PCCNTR.2744752,PRESTACIÓN DE SERVICIOS PROFESIONALES COMO PSICOLOGO EN LA COMISARIA DE FAMILIA DE QUIMBAYA; PARA EL RESTABLECIMIENTO DE DERECHOS DE LOS NIÑOS; NIÑAS Y ADOLESCENTES.,REQUIERE_REVISION,0
CO1.PCCNTR.8570079,ADQUISICIÓN DE BATERÍAS DE RADIOS DE COMUNICACIÓN PARA LA ESCUELA DE POLICÍA SIMÓN BOLÍVAR,SUFICIENTE,1
CO1.PCCNTR.2902511,El Comodante Departamento del Magdalena hace entrega en calidad de préstamo de uso o comodato; al comodatario ASOCIACIÓN DE PRODUCTORES PROFESIONALES AGROPECUARIOS DE LOS ANDES (ASOPROAGROANDES); - y esta recibe un banco de maquinaria agrícola compuesto por un (1) tractor; una (1) cosechadora de,SUFICIENTE,1
CO1.PCCNTR.3296950,PRESTACIÓN DE SERVICIOS PROFESIONALES PARA REALIZAR ACTIVIDADES AFINES A LOS PROGRAMAS Y PROYECTOS QUE ADELANTA LA SECRETARIA DEL DEPORTE Y LA RECREACIÓN DEL DISTRITO DE SANTIAGO DE CALI; EN ESPECIAL EN LA EJECUCIÓN DEL PROYECTO DENOMINADO RECREACIÓN A TRAVÉS DE INICIACIÓN Y FORMACIÓN DEPORTIVA EN S,REQUIERE_REVISION,0
CO1.PCCNTR.9641252,EL COMODANTE ENTREGA AL COMODATARIO EN CALIDAD DE COMODATO O PRESTAMO DE USO UN (1) BIEN INMUEBLE UBICADO EN EL BARRIO SAN FRANCISCO; POBLACION DE LA HORMIGA; JURISDICION DEL MUNICIPIO DEL VALLE DEL GUAMUEZ; DEPARTAMENTO DEL PUTUMAYO; REPUBLICA DE COLOMBIA; DENOMINADO VALPARAISO DE PROPIEDAD DEL M,SUFICIENTE,1
CO1.PCCNTR.8309396,PRESTACIÓN DE SERVICIOS PROFESIONALES PARA DESARROLLAR PROCESOS DE REDUCCIÓN DEL RIESGO DE DESASTRES Y DEMAS ACTIVIDADES PROPIAS DE LA GESTION DEL RIESGO; EN EL MARCO DEL PROYECTO DENOMINADO GENERACION DE LAS ACCIONES REQUERIDAS PARA LA MITIGACIÓN Y REDUCCIÓN DEL RIESGO DE DESASTRES EN CARTAGENA DE,SUFICIENTE,1
CO1.PCCNTR.7593463,Prestar los servicios profesionales mediante el acompañamiento; realización y divulgación de contenidos periodísticos y redes sociales; que permitan fortalecer la estrategia de comunicaciones de la CARDER.,SUFICIENTE,1
CO1.PCCNTR.6160184,PRESTACION DE SERVICIOS DE APOYO A LA GESTION PARA LA EJECUCIÓN DE ACTIVIDADES COMO AUXILIAR DE ENFERMERIA DURANTE LOS FINES DE SEMANA EN EL HOSPITAL SANTA ANA DE FALAN,REQUIERE_REVISION,0
CO1.PCCNTR.1193619,CONSTRUCCIÓN DE BODEGA DE ALMACENAMIENTO Y ARCHIVO DEL AEROPUERTO ALMIRANTE PADILLA DE RIOHACHA,SUFICIENTE,1
CO1.PCCNTR.7594651,Renovación de 15 licencias de Microsoft Office365 en plan E3; 10 licencias Project en plan E3; y 10 licencias de powerBI profesional; 90 licencias de respaldo de información en la nube bajo la modalidad SaaS para el manejo de herramientas de colaboración (Word; Excel; PowerPoint; teams; OneDrive ent,SUFICIENTE,1
CO1.PCCNTR.3126224,ADQUISICION DE SOFTWARE DE SIMULACION DE NEGOCIOS SIMUL8; EN MARCO DEL PROYECTO 20-2021,SUFICIENTE,1
CO1.PCCNTR.4590844,PRESTAR LOS SERVICIOS DE APOYO A LA GESTION COMO PERSONAL ASISTENCIAL EN LA SECRETARÍA DE PAZ TERRITORIAL Y RECONCILIACIÓN; EN EL MARCO DEL PROYECTO DENOMINADO: FORTALECIMIENTO DEL OBSERVATORIO PARA LA PAZ EN EL VALLE DEL CAUCA,REQUIERE_REVISION,0
CO1.PCCNTR.1423038,Prestar los servicios profesionales para apoyar la gestión de las unidades de emprendimiento en cumplimiento de las metas asignadas; especialmente la formulación de planes de negocios y la creación de unidades productivas de la población Víctima del desplazamiento por la violencia.,SUFICIENTE,1
CO1.PCCNTR.2731036,PRESTAR POR SUS PROPIOS MEDIOS Y AUTONOMÍA ADMINISTRATIVA LOS SERVICIOS PROFESIONALES DE APOYO PARA EL FORTALECIMIENTO DEL LIDERAZGO ESCOLAR Y LA CONTRIBUCIÓN A LAS PRÁCTICAS; LA REFLEXIÓN; LA INVESTIGACIÓN Y LA ARTICULACIÓN DE LAS INSTITUCIONES EDUCATIVAS OFICIALES DE CALI (IEO); EN EL MARCO DEL CO,SUFICIENTE,1
CO1.PCCNTR.8926431,PRESTACIÓN DE SERVICIOS DE APOYO A LA GESTIÓN PARA EL FORTALECIMIENTO DEL PROGRAMA ADULTO MAYOR - CENTRO DÍA DEL MUNICIPIO DE TENJO; CUNDINAMARCA,REQUIERE_REVISION,0
CO1.PCCNTR.8578389,COMPRA DE MOBILIARIO DE OFICINA PARA LA DIRECCIÓN SECCIONAL DE IMPUESTOS Y ADUANAS DE FLORENCIA.,SUFICIENTE,1
CO1.PCCNTR.6548264,Prestar servicios profesionales en diseño gráfico; maquetación; ilustración y generación de contenidos audiovisuales; así como en la creación y desarrollo material de comunicación institucional que ayude al posicionamiento de la IU Digital de Antioquia.,SUFICIENTE,1
CO1.PCCNTR.2382829,Prestar servicios profesionales de carácter temporal como instructor técnico y apoyo a la gestión del emprendimiento y/o la empleabilidad rural; en la modalidad presencial y/o a distancia; enmarcada en los lineamientos del programa SENA Emprende Rural SER,SUFICIENTE,1
CO1.PCCNTR.8481975,Contratar la compra de materiales de formación para el programa de formación técnico en mantenimiento de motocicletas y motocarros.,SUFICIENTE,1
CO1.PCCNTR.8705941,OBRA CIVIL PARA LA CONSTRUCCIÓN DE LA CAFETERÍA ESCOLAR EN LA SEDE A DE LA INSTITUCION EDUCATIVA TECNICO SUPERIOR INDUSTRIAL DE BARRANCABERMEJA,SUFICIENTE,1
CO1.PCCNTR.9706896,PRESTACION DE SERVICIOS PROFESIONALES; COMO INSTRUCTOR DEPORTIVO EN LA DISCIPLINA DE ATLETISMO PARA LA EJECUCION DEL PROGRAMA DE FOMENTO A LA RECREACIÓN; ACTIVIDAD FÍSICA; Y EL DEPORTE EN LOS NIÑOS; NIÑAS; ADOLESCENTES Y JÓVENES DEL MUNICIPIO DE CAQUEZA - CUNDINAMARCA; EN EL MARCO DEL CONVENIO INTER,REQUIERE_REVISION,0
CO1.PCCNTR.4323708,Prestar servicios profesionales especializados para fortalecer la ejecución de las actividades propias de la superintendencia de vigilancia y seguridad privada-SUPV543,REQUIERE_REVISION,0
CO1.PCCNTR.8684008,PRESTACION DE SERVICIOS PROFESIONALES COMO APOYO EN LA OFICINA DE SUBGERENCIA ADMINISTRATIVA DE LA E.S.E HOSPITAL SAN CRISTÓBAL DE CIÉNAGA,REQUIERE_REVISION,0
CO1.PCCNTR.5115521,AUNAR ESFUERZOS TÉCNICOS; ADMINISTRATIVOS Y FINANCIEROS CON EL MUNICIPIO DE PULÍ; PARA APOYAR A LA FUERZA PÚBLICA CON EL SUMINISTRO DE COMBUSTIBLE PARA EL PARQUE AUTOMOTOR DE LA ESTACIÓN DE POLICÍA EN CUMPLIMIENTO DEL PLAN INTEGRAL DE SEGURIDAD Y CONVIVENCIA CIUDADANA PISCC.,SUFICIENTE,1
CO1.PCCNTR.2313466,PRESTACIÓN DE SERVICIOS PROFESIONALES PARA REALIZAR ACOMPAÑAMIENTO A LOS MUNICIPIOS DEL DEPARTAMENTO DEL META EN EL DESARROLLO DE ACTIVIDADES DE LA POLÍTICA DE GOBIERNO DIGITAL ENFOCADAS A TRANSICIÓN DE IPV6 Y MODELO DE SEGURIDAD Y PRIVACIDAD DE LA INFORMACIÓN.,SUFICIENTE,1
CO1.PCCNTR.1375337,QUIMICO (A) FARMACEUTICO,REQUIERE_REVISION,0
CO1.PCCNTR.1770940,Aunar esfuerzos; humanos; administrativos y técnicos; entre el Departamento y el Municipio de Ancuya  Nariño; para el préstamo de maquinaria pesada que será utilizada en el mantenimiento preventivo de la malla vial que pertenezca al Municipio y al Departamento de Nariño.,SUFICIENTE,1
CO1.PCCNTR.6165733,PRESTAR LOS SERVICIOS PROFESIONALES A LA COMISIÓN DE REGULACIÓN DE AGUA POTABLE Y SANEAMIENTO BÁSICO CRA; APOYANDO EN LAS ACTIVIDADES REQUERIDAS PARA EL CUMPLIMIENTO DE LOS PROCESOS Y PROCEDIMIENTOS DE LA GESTIÓN CONTABLE Y FINANCIERA DE LA ENTIDAD.,REQUIERE_REVISION,0
CO1.PCCNTR.5308119,Prestación de servicios de apoyo logístico para la ejecución de los eventos institucionales y realización adecuada de los certámenes que promueven desde la Alcaldía de La Estrella.,SUFICIENTE,1
CO1.PCCNTR.9668338,Interventoría al suministro e instalación de cicloparqueaderos y obras complementarias,SUFICIENTE,1
CO1.PCCNTR.8004833,ELABORACIÓN DEL ESTUDIO TÉCNICO DE REFERENCIA DE LA PRESTACIÓN DEL SERVICIO DE ALUMBRADO PÚBLICO DEL MUNICIPIO DE MACEO - ANTIOQUIA; A PARTIR DE LOS COMPONENTES TÉCNICO; REGULATORIO; FINANCIERO Y AMBIENTAL; DANDO CUMPLIMIENTO A LA LEY 1819-2016 Y DECRETO 943-2018,SUFICIENTE,1
CO1.PCCNTR.8806694,CONTRATO DE PRESTACION DE SERVICIOS PROFESIONALES POR SU CUENTA Y RIESGO SIN VINCULO LABORAL PARA APOYAR LAS ACTIVIDADES DE PLANES PROGRAMAS Y PROYECTOS DE LA DIRECCION DE BIENESTAR EN LAS DIFERENTES SEDES DE LA INSTITUCION DEL ITM,REQUIERE_REVISION,0
CO1.PCCNTR.2418617,PRESTAR SUS SERVICIOS PROFESIONALES A LA SUBDIRECCIÓN GENERAL DE DESARROLLO URBANO PARA APOYAR Y ORIENTAR LAS ACTIVIDADES TENDIENTES A LA OPTIMIZACIÓN Y ADECUADA EJECUCIÓN E IMPLEMENTACIÓN DEL COMPONENTE DE SEGURIDAD Y SALUD EN EL TRABAJO DE LOS CONTRATOS Y PROYECTOS QUE LE SEAN ASIGNADOS POR SU SUP,SUFICIENTE,1
CO1.PCCNTR.8440260,PRESTAR LOS SERVICIOS PROFESIONALES COMO ABOGADO PARA LA DIRECCIÓN DE PLANEACION Y POLITICAS JURIDICAS.,REQUIERE_REVISION,0
CO1.PCCNTR.4111879,Aunar esfuerzos administrativos; técnicos; logísticos y financieros entre el MUNICIPIO DE PASTO y la CORPORACION DEL CARNAVAL DE NEGROS Y BLANCOS para la ejecución del proyecto Formación en técnica artesanal de carnaval; reconocimiento de composición popular en la música y estrategia de city market,SUFICIENTE,1
CO1.PCCNTR.5730975,PRESTACION DE SERVICIOS DE APOYO A LA GESTIÓN EN LA DIRECCIÓN ADMINISTRATIVA DE CONTRATACIÓN PARA COADYUVAR EN LA PUBLICACION; REALIZACION Y DESARROLLO DE INFORMES Y MANEJO DE PLATAFORMAS SECOP Y SIA OBSERVA SISTEMA INTEGRAL DE AUDITORIA SOBRE LA ACTIVIDAD CONTRACTUAL DESARROLLADA POR EL MUNICIPIO D,SUFICIENTE,1
CO1.PCCNTR.8826609,PRESTACION DE SERVICIOS PROFESIONALES PARA DESARROLLAR LAS ACTIVIDADES NECESARIAS DENTRO DEL MARCO DE LA GESTION CATASTRAL DEL AREA METROPOLITANA DE BUCARAMANGA.,REQUIERE_REVISION,0
CO1.PCCNTR.8535801,ADQUISICIÓN DE PÓLIZAS DE SEGUROS QUE AMPAREN EL MANEJO GLOBAL; DAÑOS MATERIALES COMBINADOS Y RESPONSABILIDAD CIVIL DE LA EMPRESA DE SERVICIOS PÚBLICOS MUNICIPALES NO DOMICILIARIOS DE DUITAMA ESDU,SUFICIENTE,1
CO1.PCCNTR.4276150,SERVICIO DE ARRENDAMIENTO SEDE MINTRABAJO INSPECCION DE ORITO PUTUMAYO 01-DIC-2022 A 31-NOV-2023,SUFICIENTE,1
CO1.PCCNTR.2359902,Prestar servicios profesionales realizando la revisión; análisis y seguimiento a la información sociodemográfica de la población participante a través del sistema de información del programa; así como la generación de los reportes requeridos para la adecuada ejecución de las fases del programa Juego,SUFICIENTE,1
CO1.PCCNTR.9294685,ARRENDAMIENTO DE BIEN INMUEBLE UBICADO EN LA CARRERA 4 N° 16B 29 BARRIO CAMILO TÓRRES; PARA EL FUNCIONAMIENTO DE LA INSTITUCIÓN EDUCATIVA TÉCNICO INDUSTRIAL ANTONIO PRIETO HIJOS DE SIERRA FLOR.,SUFICIENTE,1
CO1.PCCNTR.4742944,INTERVENTORÍA ADMINISTRATIVA; TÉCNICA; FINANCIERA; JURÍDICA Y DE GESTIÓN SOCIAL AL PROGRAMA DE ALIMENTACIÓN ESCOLAR A DESARROLLARSE EN LAS SEDES EDUCATIVAS OFICIALES DE LOS 24 MUNICPIOS NO CERTIFICADOS DEL DEPARTAMENTO (PAE REGULAR Y PAE INDIGENA); ACORDE A LOS LINEAMIENTOS TÉCNICO - ADMINISTRATI,SUFICIENTE,1
CO1.PCCNTR.6695987,PRESTAR SERVICIOS PROFESIONALES DESDE EL AMBITO JURIDICO A LA SUBDIRECCIÓN DE SEGURIDAD JURÍDICA EN LA GESTIÓN DE LOS PROCESOS Y PROCEDIMIENTOS DE COMPETENCIA DE LA DEPENDENCIA.,REQUIERE_REVISION,0
CO1.PCCNTR.939522,Suministro de tuberías en PVC; polietileno y hierro dúctil para las obras a desarrollarse por la Secretaría de Vivienda y Territorio como Gestora del PDA de Caldas; en los municipios de Samaná; Marquetalia; Riosucio y Palestina,SUFICIENTE,1
CO1.PCCNTR.818724,Leasing VOLQUETA marca International 4300 4x2; modelo 2019,SUFICIENTE,1
CO1.PCCNTR.3261045,el arrendamiento de un inmueble; para el funcionamiento de la Registraduría Municipal de Marulanda; Caldas.,SUFICIENTE,1
CO1.PCCNTR.4866782,PRESTACION DE SERVICIOS DE APOYO A LA GESTION PARA BRINDAR ACOMPAÑAMIENTO Y DESARROLLO EN EL PROGRAMA PRIMERA INFANCIA DEL DISTRITO ESPECIAL; INDUSTRIAL Y PORTUARIO DE BARRANQUILLA; EN EL MARCO DE LA ESTRATEGIA DE CERO A SIEMPRE,REQUIERE_REVISION,0
CO1.PCCNTR.4877077,PRESTACIÓN DE SERVICIOS PROFESIONALES COMO MEDICO DE URGENCIAS,REQUIERE_REVISION,0
CO1.PCCNTR.2726642,Prestación de servicios profesionales para contribuir con la gestión y ejecución de proyectos en los cuales participa la Dirección de Extensión; Proyección Social y Empresarial de la Institución Universitaria de Envigado.,REQUIERE_REVISION,0
CO1.PCCNTR.2104707,El ARRENDADOR se compromete a dar en arrendamiento a la ARRENDATARIA; inmueble ubicado en Parque Principal Palacio Municipal destinado para el funcionamiento de las oficinas de la Registraduría Municipal de SAN CALIXTO en el departamento de Norte de Santander.,SUFICIENTE,1
CO1.PCCNTR.5153809,Suministro papelería; útiles de escritorio y oficina INSTITUCION EDUCATIVA DE DESARROLLO RURAL,SUFICIENTE,1
CO1.PCCNTR.4464250,PRESTACION DE SERVICIOS PROFESIONALES EN EL AREA DE CONTRATACION DEL IMRD,REQUIERE_REVISION,0
CO1.PCCNTR.8619906,PRESTACIÓN DE SERVICIOS COMO AUXILIAR DE ENFERMERIA EN EL AREA DE URGENCIAS DE LA E.S.E. HOSPITAL LOCAL MAHATES; DEPARTAMENTO DE BOLIVAR.,REQUIERE_REVISION,0
CO1.PCCNTR.5382313,El Contratista de manera independiente; es decir; sin que exista subordinación de índole laboral; se obliga a prestar sus servicios Profesionales en la ejecución del proyecto FORTALECIMIENTO Y CONTROL DE LOS INGRESOS TRIBUTARIOS Y NO TRIBUTARIOS para dar cumplimiento a las obligaciones contraídas en,REQUIERE_REVISION,0
CO1.PCCNTR.5615028,DCD_413_CSDM_CNPV_2023_SENTENCIAS_DM_TH Prestación de servicios para brindar recomendaciones y sugerencias desde el punto de vista étnico para los productos relacionados con el diseño final del Sistema de Información Wayúu; Registro Multidimensional Wayúu y Marco Geográfico Wayúu; para el cumplimien,SUFICIENTE,1
CO1.PCCNTR.9415323,ALQUILER DE MÁQUINAS DE IMPRESIÓN; FOTOCOPIADO Y ESCANER; INCLUYENDO SUMINISTRO DE TINTAS O TONNERS; SOPORTE; SERVICIO TÉCNICO Y/O MANO DE OBRA; PARA LAS DIFERENTES SECRETARIAS Y DEPENDENCIAS DEL MUNICIPIO DE CALARCÁ QUINDÍO,SUFICIENTE,1
CO1.PCCNTR.325368,PRESTACION DE SERVICIOS PROFESIONALES COMO MEDICO GENERAL EN HOSPITALIZACION; CONSULTA EXTERNA Y TRASLADO DE PACIENTES EN AMBULANCIA PARA EL HOSPITAL NAVAL DE CARTAGENA Y SUS DISPENSARIOS NAVALES,SUFICIENTE,1
CO1.PCCNTR.3167137,PRESTAR SERVICIOS PROFESIONALES ESPECIALIZADOS PARA APOYAR LA GESTIÓN CONTRACTUAL DE LA SECRETARÍA GENERAL DEL INSOR.,REQUIERE_REVISION,0
CO1.PCCNTR.8935270,PRESTACIÓN DE SERVICIOS PROFESIONALES Y/O DE APOYO A LA GESTIÓN DOCUMENTAL Y ARCHIVÍSTICA DE LA C.R.A.,SUFICIENTE,1
CO1.PCCNTR.2479030,PRESTACIÓN DE SERVICIOS PROFESIONALES COMO APOYO Y ACOMPAÑAMIENTO EN EL FORTALECIMIENTO DE LOS DIFERENTES PROCESOS DE LA SECRETARÍA GENERAL Y DE GOBIERNO DEL MUNICIPIO DE COTA EN EL MARCO DE LA PARTICIPACIÓN CIUDADANA,REQUIERE_REVISION,0
CO1.PCCNTR.1519172,Prestar apoyo profesional en información en salud; educación y comunicación; acompañando la estrategia de atención primaria en salud y los procesos de gestión de salud pública en el Departamento de Cundinamarca,SUFICIENTE,1
CO1.PCCNTR.4373432,PRESTACIÓN DE SERVICIOS DE APOYO A LA GESTIÓN EN LA SUBSECRETARÍA DE DESARROLLO SOCIAL Y EDUCATIVO;BRINDANDO APOYO A LOS PROGRAMAS SOCIALES DESARROLLADOS POR EL GOBIERNO NACIONAL DE TRANSFERENCIA MONETARIAS CONDICIONADAS Y NO CONDICIONADAS; ADOPTADOS POR EL MUNICIPIO DE MONTENEGRO,REQUIERE_REVISION,0
CO1.PCCNTR.8395676,ARRENDAMIENTO DE UN INMUEBLE INCLUIDO SERVICIOS PÚBLICOS Y DEMAS ELEMENTOS NECESARIOS PARA EL FUNCIONAMIENTO DE LA INSTITUCIÓN ETNOEDUCATIVA DE LA BOQUILLA - SEDE MARÍA BERNARDA VIGENCIA 2025,SUFICIENTE,1
CO1.PCCNTR.6978641,ARRENDAMIENTO DE UN BIEN INMUEBLE PARA EL FUNCIONAMIENTO DE LA OFICINA LOCAL DE COROZAL,SUFICIENTE,1
CO1.PCCNTR.5034032,Prestación de servicios profesionales y de apoyo a la gestión como ingeniero electrónico para al programa SITIRIO de la empresa SOMOS RIONEGRO S.A.S.,REQUIERE_REVISION,0
CO1.PCCNTR.4459761,PRESTACIÓN DE SERVICIOS PROFESIONALES COMO ABOGADO PARA QUE BRINDE ACOMPAÑAMIENTO; ATENCIÓN Y ORIENTACIÓN A LA COMUNIDAD QUE REQUIERA LOS SERVICIOS DE LA PERSONERIA MUNICIPAL DE FLORENCIA,SUFICIENTE,1
